EntryID,Code,NeighborhoodDensity
&=ARMS-CROSS,J_01_098,3
&=CLAP,J_02_076,3
&=RAISE-HAND,H_02_48,3
&=SIGH,H_03_86,3
1_DOLLAR,C_02_025,1
5_DOLLARS,B_01_062,7
8_HOUR,C_02_055,0
9_OCLOCK,C_02_080,2
A_LITTLE_BIT,H_03_25,19
ABBREVIATE(SHORT),G_01_40,2
ABOUT_1,B_02_072,1
ABOUT_2,B_02_003,0
ABSOLUTELY_NOTHING,J_01_027,3
ACCENT,E_01_73,3
ACCEPT,H_02_42,3
ACCESS,H_02_86,6
ACCIDENT,B_02_059,7
ACCOMPLISH,C_02_085,1
ACCORDION,F_02_48,35
ACCOUNTANT,A_03_044,9
ACQUIRE,H_01_34,6
ACT,B_02_038,9
ACTION,C_01_026,9
ACTOR,A_03_047,9
ADD,E_02_30,0
ADDICT,H_02_73,10
ADDRESS,D_01_016,5
ADMIRE,J_03_049,0
ADMIT,J_02_062,5
ADOPT,J_03_014,12
ADULT,C_03_008,3
ADVANTAGE,H_03_59,8
ADVERTISE,J_03_015,0
AFRICA,A_02_082,1
AFTER,B_02_030,1
AFTERNOON,J_01_040,4
AGAIN,J_02_013,0
AGAINST,H_03_3,31
AGE,B_02_071,3
AGENCY,H_01_44,1
AGREEMENT,C_02_078,51
AIRPLANE,D_03_068,7
ALARM,C_01_085,1
ALASKA,H_02_87,0
ALCOHOL,E_03_12,0
ALIGN,H_02_22,9
ALL,C_03_088,2
ALL_DAY,H_02_93,28
ALL_GONE,J_03_021,17
ALL_OF_SUDDEN,H_01_96,2
ALL_OVER,J_02_064,13
ALL_OVER_BODY,H_03_78,41
ALL_TOGETHER,J_01_044,2
ALL_WAY,H_01_84,13
ALLERGY,G_03_72,14
ALONE,D_02_024,12
ALONE_2,H_01_1,2
ALPHABET,B_02_024,7
ALRIGHT,J_03_025,16
ALWAYS,J_03_076,37
AMAZING,D_02_093,7
AMERICA,C_02_006,11
ANALYZE,G_02_75,3
AND,B_03_072,8
ANGEL,A_03_085,1
ANGRY,B_01_070,3
ANIMAL,B_03_002,10
ANNOUNCE,C_01_086,1
ANSWER,E_03_65,1
ANTLERS,F_01_27,5
ANY,G_01_16,2
ANYONE,H_01_59,2
APART,E_02_33,14
APPEAR,C_03_064,2
APPLE,A_03_054,3
APPOINTMENT,C_01_088,0
APRIL,H_02_70,7
ARCHEOLOGY,G_03_60,0
AREA,H_02_15,1
ARGUE,F_03_72,24
ARIZONA,J_03_022,2
ARM,C_03_043,9
ARMY,B_01_059,10
ARREST_1,H_03_74,11
ARRIVE,D_01_073,2
ART,C_01_075,2
ARTICLE,J_02_041,0
ARTICULATE_SIGN,J_01_014,8
ASIA,A_01_078,1
ASK,B_02_023,7
ASSEMBLY,J_03_096,13
ASSIGN,H_02_36,0
ASSIST,J_03_093,1
ASSISTANT,F_03_76,4
ASTRONAUT,F_02_13,8
AT,J_01_055,9
ATHLETE,J_03_068,6
ATTENTION,A_03_089,17
ATTITUDE,J_03_091,0
AUDIENCE,F_01_72,11
AUDITORIUM,F_02_21,25
AUNT,E_02_27,0
AUSTRALIA,J_03_035,3
AUTISM,F_03_11,16
AUTOMATIC,J_01_048,0
AVERAGE,G_03_50,21
AVOID,E_01_40,3
AWAKE,G_01_78,3
AWAY,F_02_71,0
AWKWARD,B_01_022,9
AXE_1,F_01_13,13
AXE_2,G_03_66,7
BABY,C_01_017,57
BABYSITTER,F_03_61,57
BACHELOR,E_01_59,9
BACK,D_03_029,5
BACK_OUT,F_01_41,1
BACKPACK_1,G_03_91,0
BACKPACK_2,G_01_64,6
BACKYARD,F_03_3,5
BACON,A_03_073,5
BAD,B_02_082,1
BADGE_1,F_03_96,4
BAG,A_01_064,25
BAKE_1,A_01_060,1
BAKE_2,B_01_051,5
BALANCE,C_02_046,32
BALD,F_02_100,0
BALL,C_02_044,32
BALLOON,A_02_086,2
BANANA,A_03_002,1
BAND_AID_1,F_02_20,1
BANDAGE,F_03_20,2
BANDAID,H_01_88,1
BANK,D_02_032,4
BAR,A_03_072,5
BARELY,H_03_37,14
BARK,J_02_051,12
BARRETTE_1,G_01_101,1
BASEBALL,A_03_043,23
BASEBALL_CAP,G_02_72,7
BASEMENT,C_01_034,1
BASIC,E_01_101,1
BASKET_1,G_03_70,0
BASKET_2,E_01_60,10
BASKETBALL,A_03_045,11
BASKETBALL_2,H_02_4,10
BASTER_1,G_03_53,8
BAT_1,F_03_43,0
BAT_2,E_01_21,23
BAT_3,F_02_28,11
BATH,B_01_019,11
BATHROOM,A_02_051,19
BATTERY,D_02_089,15
BEACH,G_02_29,3
BEAK,G_03_48,1
BEANIE,E_03_91,0
BEANS,E_02_69,2
BEAR,D_03_063,3
BEARD,C_03_085,4
BEAT,D_03_020,6
BEAVER,F_02_67,11
BECAUSE,B_01_049,0
BECOME,H_02_8,22
BED,A_03_037,12
BEDROOM,D_01_056,4
BEE,E_03_18,6
BEE_2(CK),J_02_101,1
BEER,B_03_062,13
BEFORE,G_02_53,3
BEG,F_02_37,2
BEHAVIOR,C_02_036,6
BEHIND,B_02_048,1
BELIEVE,D_02_049,51
BELIEVE_2,G_02_11,3
BELL,G_02_18,7
BELT,A_03_036,0
BELT_3,E_02_93,0
BEND,G_03_31,7
BENEFIT,C_02_056,2
BERRY_1,E_01_95,1
BEST,F_02_62,3
BET,F_02_27,1
BETTER,F_01_62,3
BETWEEN,J_03_003,21
BIB,E_02_103,4
BICYCLE,D_02_026,22
BIG,F_02_54,1
BIND,E_03_92,3
BINOCULARS,A_03_074,8
BIOLOGY,A_02_015,4
BIRD,A_01_041,1
BIRTH,C_02_076,2
BIRTHDAY,D_01_054,5
BISON,E_02_68,2
BITCH,H_01_58,5
BITE,G_02_99,0
BITE_ON_NECK,E_03_35,0
BLACK,B_02_006,1
BLAME,G_01_5,0
BLANK,H_02_6,9
BLANKET,A_03_032,6
BLEED,J_03_075,52
BLESS,G_02_16,6
BLIND,B_01_016,3
BLINDS_1,B_02_081,0
BLINDS_2,C_03_014,21
BLINK,G_02_55,1
BLOND,E_02_102,2
BLOOD,C_01_087,52
BLOOM,G_03_14,8
BLOUSE,J_02_104,1
BLOW,E_02_96,3
BLOW_MIND,F_02_45,51
BLUE,C_02_062,3
BLUR,J_03_088,1
BLUSH,J_03_100,0
BOARD,J_01_105,0
BOAT,D_01_055,25
BODY,B_01_047,17
BOIL,G_03_101,25
BOILING_MAD,H_02_25,1
BOLT,F_01_89,0
BOMB,F_02_55,0
BONE,C_03_015,7
BOOK,A_01_027,22
BOOMERANG,E_01_37,0
BOOTS,C_03_019,25
BORED,B_01_017,7
BORROW,B_03_055,2
BOSS,B_02_052,4
BOSTON,J_03_001,11
BOTH,H_01_76,0
BOTHER,H_01_40,6
BOTTLE,D_02_064,4
BOTTOM_2,F_01_66,8
BOUNCE,H_03_57,10
BOW_1,F_03_65,0
BOW_2,G_02_63,9
BOW_3,F_01_60,0
BOWL,C_03_049,18
BOWLING,A_02_003,11
BOWTIE,A_01_044,0
BOX,C_03_025,21
BOXING,F_03_50,22
BOY,B_02_090,3
BOYFRIEND,G_02_58,4
BRA,A_03_028,2
BRACELET,A_03_024,5
BRAG,B_03_011,5
BRAILLE,F_01_78,2
BRAINSTORM,J_01_103,51
BRAINWASH,E_01_30,51
BRAVE,B_03_050,6
BREAD,A_02_058,0
BREAK,D_01_069,11
BREAK_DOWN,F_01_30,33
BREAKDOWN,B_01_064,32
BREAKFAST,F_01_73,9
BREAKFAST_2,J_01_053,7
BREAKTIME,J_01_047,0
BREATHE,D_03_051,2
BRICK,H_02_85,16
BRIDESMAID,A_03_016,23
BRIDGE,A_03_081,0
BRIGHT,F_03_28,7
BRING,F_03_4,55
BROCCOLI_1,J_02_096,0
BROTHER,B_01_065,8
BROWN,D_03_045,13
BRUSH,A_01_072,11
BUBBLES,E_02_52,2
BUDGET,E_01_99,18
BUFFALO,F_03_33,1
BUG,B_01_067,1
BUILDING,A_03_088,5
BULL,E_01_98,7
BULLDOZER,E_01_83,11
BULLSHIT,J_03_053,9
BURN,J_02_037,14
BURP,F_03_9,0
BUS,E_01_4,9
BUSINESS,D_01_022,3
BUSTED,G_01_22,26
BUSY,E_02_40,6
BUT,D_03_030,17
BUTTER,A_01_034,0
BUTTERFLY,A_03_056,7
BUTTONS,F_02_25,13
BUY,D_03_074,8
BYE,E_01_58,6
CABBAGE,B_01_073,3
CABINET,B_03_030,0
CAFETERIA,A_02_054,3
CAKE,D_01_033,6
CALCULATOR,E_03_103,5
CALENDAR,D_02_061,4
CALIFORNIA,H_02_38,1
CALL,C_02_061,5
CALL_2,J_02_048,2
CALL_ATTENTION,C_01_038,0
CALL_TTY,B_03_026,3
CALM,G_03_4,19
CAMCORDER,E_03_21,19
CAMEL_2,G_01_42,2
CAMERA,B_03_073,0
CAMERAMAN,E_02_34,0
CAMPING,A_01_045,0
CAN,D_03_027,35
CANADA,C_03_034,13
CANCELLATION,C_02_017,13
CANCER_1,G_03_56,6
CANCER_2,F_01_47,1
CANDLE,C_03_060,0
CANDY_1,A_01_018,9
CANDY_2,D_02_079,3
CANNON,G_02_37,18
CANNOT,E_02_94,4
CANOE,D_01_045,23
CAPE,F_01_4,8
CAPTION,C_02_086,24
CAPTURE,H_03_48,0
CAR,D_02_043,23
CAR_ACCIDENT,E_03_29,1
CAR_BATTERY,E_01_39,3
CARDS,J_03_065,1
CAREFUL,B_03_039,8
CAROUSEL,E_01_63,2
CARROT,A_02_083,0
CARRY,J_02_042,55
CASTLE,A_01_008,2
CASUAL,H_02_50,20
CAT,A_01_023,18
CATAPULT,E_03_83,17
CATCH,G_02_33,9
CATCH_2,J_01_073,15
CATCH_3,H_03_15,15
CATEGORY,E_01_34,22
CATEPILLAR,G_01_25,8
CATHOLIC,B_03_052,5
CAUGHT,H_02_69,0
CAUSE,D_01_088,9
CEILING,J_01_091,9
CELEBRATE,J_02_100,0
CELERY_2,G_02_48,0
CEMETARY,H_01_37,22
CENTER,C_01_027,2
CEREAL,A_02_014,14
CERTIFICATE,B_01_080,33
CHAIN,E_02_55,11
CHAIR,A_01_017,5
CHALLENGE,B_03_051,14
CHAMP,J_03_030,1
CHAMPION,G_01_81,1
CHANCE,A_03_080,18
CHANGE,E_01_31,0
CHANNEL,C_03_023,8
CHAOS,F_01_37,14
CHARACTER,B_02_088,1
CHARGE,F_01_25,18
CHARGE_CARD_1,E_02_56,4
CHASE,F_03_17,0
CHAT,C_01_079,21
CHEAP,F_02_56,4
CHEAT_1,A_02_008,3
CHEAT_2,D_01_027,1
CHECK,B_03_040,0
CHEEK,G_03_52,9
CHEER,J_03_060,4
CHEERLEADER,H_02_45,17
CHEESE,A_02_021,0
CHEESE_GRATER,F_03_64,0
CHERISH,J_02_033,8
CHERRY,C_01_083,1
CHEW,G_02_91,52
CHEW_2(5),J_02_027,4
CHICAGO,D_01_043,7
CHILD,F_03_101,17
CHILDREN,C_02_066,25
CHIMNEY,E_02_64,5
CHIN_1,E_01_20,4
CHIN_2,F_02_70,1
CHINA,D_03_061,46
CHISEL,F_03_41,7
CHOCOLATE,B_01_002,2
CHOKE,G_01_79,8
CHOP,F_02_99,18
CHOPSTICKS,G_01_63,2
CHRISTMAS_1,F_03_29,17
CHRISTMAS_2,G_03_97,11
CHRISTMAS_3(1-HANDED),J_03_061,7
CHURCH,C_02_018,6
CHURN,E_01_46,23
CIGAR,B_02_055,1
CIGARETTE,C_01_059,0
CIRCLE,E_02_62,12
CIRCUS_1,F_01_29,0
CIRCUSWHEEL,H_02_65,2
CITY,B_01_029,57
CLAP,G_01_96,57
CLASS,B_03_068,5
CLAUSE,F_03_13,0
CLAW,G_02_71,0
CLEAN,E_03_82,26
CLEAR,D_01_006,12
CLEFTCHIN_1,E_01_54,28
CLEFTCHIN_2,E_01_45,13
CLICK,G_01_47,0
CLIENT,J_01_031,17
CLIMB_LADDER,F_01_103,13
CLIP,J_01_083,0
CLOCK,D_02_076,18
CLOSE,G_03_84,11
CLOSE_DOOR,H_03_61,11
CLOSE_EYES,E_01_68,1
CLOSET_1,F_03_97,1
CLOSET_2,E_01_91,8
CLOTHES,E_03_96,7
CLOUD_1,A_01_077,1
CLOUD_2,D_01_092,18
CLOWN,A_03_026,6
CLUELESS,F_03_82,11
COACH,H_02_83,2
COCACOLA,D_02_040,7
COCAINE,F_03_44,1
COCONUT,A_02_088,11
COFFEE,A_01_032,2
COINS,D_01_018,8
COLD,C_02_068,2
COLLEGE,B_01_009,26
COLOR,C_02_039,4
COMB,C_02_070,7
COME,C_03_074,10
COME_HERE_E,H_02_74,4
COME_OUT,E_02_20,5
COMFORTABLE,H_03_58,1
COMMENT,H_01_5,6
COMMITTEE,J_03_072,5
COMMUNICATION,B_03_013,8
COMMUNITY,J_01_015,5
COMMUTE,H_02_44,0
COMPASS,G_02_12,28
COMPLAIN,G_01_23,5
COMPLEX,C_01_061,6
COMPUTER,A_01_054,5
COMPUTER_MOUSE,C_01_073,6
CONCEPT,A_03_086,5
CONCERNED,G_02_47,11
CONE,E_02_5,0
CONFIDENT,D_02_035,18
CONFIDENTIAL,G_02_22,16
CONFLICT,J_02_084,28
CONFUSED_1,J_01_110,4
CONFUSED_2,J_02_067,51
CONGRATULATIONS,B_02_022,33
CONNECTION,E_03_60,0
CONSUME,J_01_101,0
CONTACT,D_03_022,9
CONTACT_LENS,E_02_74,0
CONTINUE,D_03_032,4
CONVINCE,G_01_48,0
CONVINCE_2,H_03_13,18
COOK,D_03_078,4
COOKIE,B_03_008,0
COOL_1,F_01_14,2
COOL_2,G_03_45,0
COOL_3,H_03_99,3
COOL_4,H_03_32,5
COOL_5,J_01_004,1
COOPERATE,E_01_10,9
COPY,D_01_064,1
CORKSCREW,D_01_053,0
CORN_1,A_02_084,3
CORN_2,C_02_026,7
CORNER,J_03_071,57
"CORRECT(GRADE,CRITICIZE)",J_02_040,13
COST,E_03_20,18
COUCH_1,G_02_13,33
COUGH,C_02_071,5
COUNSELOR,B_01_005,4
COUNT,G_02_54,9
COUNTRY,C_03_058,0
COUSIN,C_01_023,5
COVER_UP,C_03_038,12
COW,A_01_033,1
COWBOY,F_01_18,0
CRACK,F_03_67,16
CRACKER,C_01_081,1
CRANKY,H_02_104,3
CRASH,J_02_017,1
CRAWL,D_01_068,1
CRAZY,D_03_040,34
CREAM,F_02_10,0
CREATE,D_03_076,6
CREDIT_CARD,B_02_057,9
CRITICIZE,F_03_83,3
CROCODILE,D_01_081,32
CROSS,C_01_067,20
CROSS_2,H_01_7,12
CROSS_HEART,J_01_064,0
CROWN,F_01_16,2
CRY,B_03_028,13
CULTURE,H_01_51,0
CUP,A_01_010,11
CURIOUS,F_03_51,1
CURL,J_01_052,0
CURLY_HAIR,H_02_7,1
CURTAIN,A_02_025,4
CUT_1,E_02_46,2
CUT_2,F_01_65,0
CUTE_1,B_03_087,2
CUTE_2,C_01_045,1
DAMN,F_01_98,15
DANCE,B_02_063,3
DANCER,A_02_034,3
DANGER,E_02_67,1
DARK,E_01_12,15
DARK_2(B),J_03_094,9
DART,C_03_029,10
DATE_1,G_01_31,13
DAUGHTER,E_02_23,7
DAY,C_01_044,27
DEAF_1,F_03_38,4
DEAF_2,E_03_98,50
DEAF_SCHOOL,H_01_22,6
DEAL_CARDS,J_02_074,7
DEATH,A_01_076,18
DECIDE_1,B_02_074,51
DECIDE_2,D_03_057,14
DECLINE,F_01_1,0
DEDICATE_1,F_03_85,52
DEDICATE_2,G_03_94,9
DEEP,C_03_006,16
DEER,A_03_060,11
DEFEAT_2,G_03_90,20
DEFINITION,G_02_61,1
DEFLATE,E_01_79,0
DEGREE,J_01_021,24
DELEGATE,H_03_1,5
DELIBERATE,H_02_9,0
DELICIOUS,B_01_082,0
DELINQUENT,F_02_3,1
DEMAND,D_03_080,5
DEMOTE,J_03_031,14
DENT,H_02_30,3
DENTIST,A_01_014,5
DENY,D_02_039,6
DEODORANT,A_01_086,3
DEPARTMENT,C_02_033,4
DEPEND_ON,H_03_76,28
DEPRESS,E_02_59,11
DEPTH,F_02_18,28
DESERT,A_03_008,7
DESIGN,J_03_104,3
DESSERT,F_01_94,13
DESTROY,E_03_52,1
DEVELOP_1,J_03_092,11
DEVELOP_2,H_01_050,7
DEVIL,A_01_079,2
DIAMOND,A_01_066,0
DIAPER,A_02_002,0
DICE,D_02_036,11
DICTIONARY,F_03_35,2
DIE,D_02_021,18
DIFFERENT,E_03_95,28
DIFFERENT_SITUATION,J_01_075,7
DIG_UP,G_02_19,0
DILEMMA,J_01_003,7
DINING_ROOM,F_02_49,9
DINNER,G_03_44,9
DINNER_2(D),J_02_023,1
DINOSAUR,A_01_031,10
DIP,J_01_063,0
DIRECTOR,H_01_14,18
DIRTY,C_03_026,3
DISAGREEMENT,B_02_066,51
DISAPPEAR,D_01_036,3
DISAPPOINT,G_03_18,28
DISCONNECT,H_01_17,9
DISCUSS,E_03_81,28
DISLIKE,F_03_6,3
DISNEY,D_03_035,0
DISPATCH,G_02_102,0
DISRUPT,E_03_76,13
DISSECT,J_03_019,6
DISSOLVE,J_03_081,3
DIVE,D_02_029,0
DIVIDE,E_02_18,22
DIVORCE,C_01_063,5
DIZZY,H_02_102,5
DO_DO,E_01_96,1
DOCTOR,A_03_020,0
DOCUMENT,H_01_97,9
DOESNT_MATTER,F_03_31,57
DOG,A_01_056,4
DOG_3(SLAP),J_02_068,13
DOG_4(SLAPSNAP),H_02_103,10
DOLL,C_02_049,14
DOLPHIN,A_03_057,0
DOMINANT,J_01_087,35
DONKEY,J_01_012,4
DONT_CARE,G_03_82,3
DONT_FEEL_LIKE,J_01_005,7
DONT_KNOW,E_03_49,2
DONT_LIKE,F_01_33,2
DONT_MIND,B_03_033,55
DONT_NEED,H_01_104,3
DONT_WANT,E_02_14,17
DONUT_1,F_01_71,2
DONUT_2,E_02_48,9
DOOR,A_03_052,3
DORMITORY,A_01_059,3
DOUBLE,H_03_84,0
DOUBT,B_01_057,1
DOWN,G_03_55,30
DOWNHILL,H_03_12,2
DOWNLOAD,C_03_046,13
DOWNSIZE_1,C_01_055,5
DOWNSIZE_2,D_02_058,3
DRAG,J_02_039,18
DRAGON,F_01_11,1
DRAW,D_02_063,2
DRAWER,A_01_082,18
DREADLOCKS,G_02_69,0
DREAM,B_02_044,3
DRESS,A_03_046,6
DRESS_UP,J_03_057,7
DRESSER,F_03_75,18
DRILL,D_02_044,2
DRINK,B_02_012,2
DRIP,F_02_102,2
DRIVE,E_02_53,35
DROP,C_03_052,9
DROWN,D_01_017,0
DRUG,F_01_40,0
DRUM,A_03_075,15
DRUNK,C_03_077,1
DRY,F_03_5,7
DRYER,C_01_007,7
DUCK,D_01_079,1
DUE,H_03_11,9
DUMB,A_02_028,3
DUST,H_03_87,2
DUTY,H_03_8,0
DYE,F_02_92,33
EACH,F_02_59,0
EACH_OTHER,H_02_76,6
EAGLE,D_03_066,11
EAR,D_02_071,13
EARLY,G_01_18,7
EARMUFFS,F_03_16,10
EARN,C_03_055,0
EARRING,C_03_011,1
EARS_UP,E_02_99,0
EARTH,C_03_002,0
EARTHQUAKE,A_03_039,0
EASEL,F_01_44,11
EAST,D_03_082,10
EASTER,E_03_32,1
EASY,D_01_070,20
EASY_TO_DO,G_02_73,1
EAT_1,B_02_002,9
EAT_2,B_03_082,9
ECLIPSE,F_02_15,14
EDGE,E_03_99,18
EDIT_1,F_01_68,1
EDIT_2,G_02_57,5
EFFECT,G_02_44,4
EGG,A_03_011,5
EGG_BEATER,E_01_7,1
EGO,D_01_014,2
EGYPT,C_02_042,12
EIGHT,J_02_099,13
EITHER,J_01_085,1
ELECTRICIAN,A_02_005,15
ELEGANCE,D_03_042,5
ELEMENTARY_SCHOOL,J_01_070,0
ELEPHANT,A_02_059,0
ELEVATOR_1,E_03_72,2
ELEVATOR_2,G_03_36,6
ELEVEN,E_01_52,2
EMAIL,B_03_083,0
EMBARRASS,C_01_014,7
EMOTION,B_03_005,0
EMPEROR,C_03_005,1
EMPHASIS,F_03_86,1
EMPTY_1,E_02_72,7
EMPTY_2,J_01_077,22
END,E_01_74,18
ENEMY,E_02_45,17
ENERGY,G_02_56,0
ENGAGEMENT,B_01_084,0
ENGINE_START,E_01_36,32
ENGINEER,A_03_014,0
ENGLISH,A_01_011,9
ENJOY,D_03_033,5
ENOUGH,D_01_084,4
ENTER,E_02_76,26
ENVELOPE,D_02_020,8
ENVIRONMENT,J_01_022,1
EQUAL,C_01_052,31
ERASE,J_03_085,9
ERASER,C_01_072,9
ERUPT,H_03_17,2
ESCALATE,H_01_33,11
ESCALATOR,F_01_36,5
ESCAPE,G_01_12,5
ESPECIALLY,G_03_100,0
EUROPE,C_02_010,0
EVALUATE,A_03_015,11
EVEN_1,F_03_57,31
EVENING,D_02_047,9
EVENT,F_03_49,4
EVERY_NIGHT,J_02_058,0
EVERY_YEAR,H_02_41,0
EVERYDAY,E_01_84,1
EVERYTHING,F_03_84,11
EVIDENCE,G_03_103,6
EXAMPLE,G_02_24,9
EXCITED,H_01_102,4
EXCUSE,D_03_052,8
EXERCISE,C_01_084,6
EXPECT,F_02_68,51
EXPENSIVE,C_01_064,1
EXPERIENCE,B_02_064,0
EXPERIMENT,H_03_2,5
EXPERT,F_02_23,2
EXPERT(CANDOANYTHING),J_03_099,6
EXPLANATION,C_02_053,33
EXPLODE,H_01_53,3
EXPRESS(PRODUCE),J_01_009,0
EYE-TURN,H_03_39,9
EYEGLASSES,A_01_012,0
EYES,C_01_062,8
EYES_AWAKE,G_01_41,9
FACE,E_01_53,9
FACULTY,J_02_061,15
FADE,J_02_053,8
FAIL,H_01_77,1
FAINT,G_03_46,51
FAIR,G_01_80,31
FAKE,G_03_80,14
FALL_1,B_03_074,9
FALL_2,C_03_007,4
FALLING_ASLEEP,E_03_6,4
FAMILY,C_01_025,9
FAMOUS,E_03_85,16
FAN,F_03_55,2
FANTASY,J_01_045,1
FAR,D_03_007,2
FARM,B_01_086,8
FASCINATED,E_01_87,6
FASHION,J_01_010,2
FAST,C_03_016,5
FAT,C_01_011,33
FATHER,B_01_077,14
FAUCET,D_01_065,11
FAULT,C_01_051,3
FAVORITE,B_01_024,7
FEATHER,G_02_46,1
FEBRUARY,D_01_093,19
FED_UP,E_01_47,0
FEED,G_03_58,3
FEEDBACK,J_01_002,11
FEEL,C_02_001,2
FENCE,G_01_6,16
FENCING,F_01_83,4
FEW,C_02_067,4
FIANCE,F_03_34,0
FIFTH,J_03_046,7
FIGHT,B_03_058,24
FIGURE,C_01_016,0
FILE(CATALOG),J_03_102,0
FILL_OUT,H_01_99,0
FILM,B_01_037,1
FILTER,F_01_59,41
FINALLY,D_01_012,6
FINANCE,F_02_47,9
FIND,B_03_076,32
FINE_1,C_01_043,10
FINE_2,D_02_067,10
FINGER,G_02_97,7
FINGERS_CROSSED_E,J_01_006,1
FINGERSPELL,B_01_048,10
FINGERSPELLING,B_03_065,0
FINISH,B_03_025,8
FINS,E_03_58,55
FIRE,B_03_090,25
FIRED,J_03_058,2
FIREMAN,A_02_039,9
FIRETRUCK_1,F_02_101,9
FIRST,C_01_033,6
FISH,A_03_040,1
FISHING,A_02_035,0
FIT,E_02_7,14
FIX,G_03_43,15
FLAG,B_01_036,10
FLAG_2,G_02_92,10
FLASHLIGHT,A_03_084,0
FLIP,H_02_88,4
FLIP_SWITCH(SAMEASLIGHT_SWITCH),E_01_66,32
FLIPFLOPS,F_03_77,5
FLOAT,E_03_43,4
FLOOR,D_01_062,57
FLOWER,A_03_017,1
FLUTE,E_02_36,1
FLY,D_03_070,19
FOCUS,J_03_056,18
FOLD,F_02_19,18
FOLLOW,G_01_58,14
FOLLOW_2,H_03_29,28
FOND,J_01_079,4
FOOL,J_02_102,3
FOOTBALL,A_02_027,41
FOR,B_03_049,5
FORBID,D_03_089,0
FOREIGNER_1,C_01_077,4
FOREIGNER_2,C_03_067,1
FOREST,G_01_38,8
FOREVER,D_03_072,51
FOREVER_2,E_02_25,7
FORFEIT,D_02_038,20
FORGETFUL,D_02_017,0
FORK,E_01_49,12
FORM,G_03_23,8
FORMER,J_02_066,0
FOUL,J_01_049,19
FOUR,C_01_029,8
FOURTH,H_03_4,4
FOX,A_03_041,5
FRACTION,F_02_24,0
FRAME,G_02_34,1
FRANCE,D_02_078,6
FRAUD,D_02_070,2
FREAK_OUT,G_02_9,51
FRECKLES,B_01_083,2
FREE,G_01_27,14
FREEDOM(SAMEASRELEASE),E_02_1,12
FREEWAY,B_03_001,10
FREEZE,F_03_10,15
FRENCH,C_02_022,6
FRENCHFRIES,A_01_085,20
FRIDAY,B_02_020,18
FRIEND,D_03_010,15
FRIENDLY,C_02_031,0
FRIENDS_NO_MORE,J_03_034,0
FROG,D_03_059,0
FROM,D_01_059,1
FROM_THEN_ON,H_02_40,15
FRONT,C_01_039,14
FROWN,F_02_57,2
FRUIT,C_02_083,3
FRUSTRATE,C_02_050,13
FRY,H_01_69,1
FULL,D_02_048,4
FUN,E_02_57,1
FUNCTION,J_02_071,2
FUNNY,E_03_38,1
FURNITURE,C_02_059,32
FUTURE,C_03_080,11
GALLAUDET,B_02_010,4
GAMBLE,F_01_51,25
GAME,C_03_047,14
GARAGE,A_03_022,3
GARLIC,G_02_28,2
GAS,A_03_090,1
GATE,E_03_64,8
GATE_CLOSE,E_02_73,6
GAY,D_03_011,8
GENERATION,H_01_32,0
GENIUS,H_02_24,51
GERMANY,D_02_088,3
GESTURE,J_03_086,25
GET,B_03_007,12
GET_IN_BED,J_03_010,1
GET_INFORMATION_OUT_OF,E_01_57,2
GET_OFF,H_01_93,2
GET_THROUGH,F_03_47,1
GET_TOGETHER,J_02_073,14
GHOST,E_01_32,24
GIFT,E_01_55,9
GIRAFFE,A_03_049,0
GIRL,C_03_073,1
GIVE,F_01_23,1
GIVE_UP,H_03_28,4
GLASS,E_01_90,11
GLASSES,B_03_036,2
GLOVE,A_02_087,7
GLOVES,A_02_026,0
GLOW,D_03_093,0
GLUE_2,F_01_96,6
GO,C_03_056,24
GO_AHEAD,J_01_041,32
GO_BACK_AND_FORTH,H_01_52,32
GO_ON,E_01_75,28
GO_THROUGH(LIST),J_03_017,1
GO_TO_JAIL,F_03_99,6
GOAL,E_03_48,13
GOAT,A_02_024,1
GOATEE,G_01_74,11
GOD,D_02_068,5
GOING_THROUGH_A_HARD_TIME,G_03_21,1
GOLD,D_02_009,4
GOLF,A_02_017,0
GONE,G_03_51,4
GOOD,B_01_052,21
GOODY_GOODY,G_03_83,2
GOODY_GOODY_SHOE_OPPOSITE,J_01_072,5
GOOSEBUMPS,G_03_96,0
GORILLA,A_02_044,11
GOSSIP,D_01_029,0
GOTCHA,H_02_72,7
GOVERNMENT,B_02_062,0
GRAB,E_03_39,2
GRADE,F_02_76,10
GRADUATE,B_03_081,1
GRADUATE_SCHOOL,H_02_52,3
GRAMMAR,J_03_078,2
GRANDFATHER,B_02_036,4
GRANDMOTHER,C_02_027,1
GRANDPARENTS,H_01_89,3
GRAPES,A_02_089,0
GRASP,E_01_6,0
GRASS,A_03_031,0
GRAY,F_01_80,41
GREAT,J_03_016,20
GREECE,C_02_048,3
GREEN,B_02_085,4
GREEN_BEANS,G_02_1,4
GREET,J_01_042,33
GRENADE,E_02_10,5
GRIEVE,E_03_100,0
GRIND,J_02_094,1
GROUP,J_01_001,2
GROW,B_02_042,3
GROW_UP,J_01_036,40
GUESS_1,C_01_057,1
GUESS_2,D_02_013,1
GUIDE,E_03_57,0
GUILLOTINE_1,G_01_8,1
GUILLOTINE_2,F_01_93,1
GUILTY,D_03_085,8
GUITAR,A_02_077,1
GULLIBLE,C_02_058,0
GUM,G_02_10,2
GUN,D_02_046,6
GYM,G_03_3,0
HABIT,E_03_67,19
HAD_ENOUGH,H_01_90,7
HAHA,G_02_103,3
HAIR,A_02_056,0
HAIR_CLIPPER,E_02_80,0
HAIRCUT,C_02_081,2
HAIRDRESSER,G_03_16,2
HAIRDRYER,B_02_078,6
HALF,F_03_40,30
HALF_HOUR,J_02_024,0
HALL,F_01_97,55
HALLOWEEN_1,G_03_11,6
HALLOWEEN_2,G_02_35,2
HAMBURGER,A_01_004,15
HAMMER,C_02_021,8
HAMSTER_1,E_03_73,6
HAND_SOAP,G_01_89,0
HANDCUFFS,G_01_88,2
HANDS,G_01_65,21
HANDS_OFF,H_02_27,0
HANDSOME,J_03_018,3
HANDSOME_1,F_01_3,9
HANDSOME_2,G_01_98,2
HANDSOME_3,E_03_41,0
HANG,E_02_63,0
HANUKKAH,G_02_30,10
HAPPEN,B_03_080,11
HAPPY,C_03_078,9
HARD,C_01_036,7
HARD_OF_HEARING,J_01_050,6
HARMONICA,G_03_54,9
HARP,F_02_73,0
HAT,A_02_045,11
HATBRIM,J_03_106,5
HATCH,J_02_069,3
HATE,F_02_78,6
HAVE,B_03_057,10
HAWAII,J_03_054,2
HE,F_02_44,30
HEAD,E_03_44,3
HEAD_BACK,H_03_100,25
HEAD_GRIND,E_03_33,51
HEADACHE,B_01_027,1
HEADCOLD,J_02_025,9
HEADPHONES,C_01_054,10
HEALTH,B_02_083,6
HEAP,H_03_96,0
HEAR,E_01_97,50
HEAR_2(3),J_02_006,9
HEARING,C_02_023,9
HEARING_AID,B_01_015,2
HEART,B_03_066,4
HEART_TOUCH,E_03_97,3
HEARTBODY,H_02_63,7
HEAVEN,A_02_075,0
HEAVY,F_01_85,32
HELICOPTER,D_02_042,0
HELL,G_03_8,16
HELLO,D_02_055,13
HELMET,D_02_034,10
HELP,D_01_042,9
HEN,G_02_41,9
HERE,D_01_089,28
HIDE,G_02_25,11
HIGH,C_02_045,6
HIGH_HEELS_1,F_02_8,0
HIGH_SCHOOL,C_02_060,9
HIGHLIGHTER,G_01_20,7
HINGE,G_03_41,0
HIPPO,C_01_069,5
HIS,F_02_58,40
HISTORY,A_02_036,6
HIT,F_02_5,20
HITCHHIKE,J_02_034,5
HOCKEY,B_01_035,9
HOE,G_01_7,9
HOLD,F_02_80,6
HOLD_ACCOUNTABLE,E_03_93,6
HOLD_HANDS,H_02_75,3
HOLD_TOGETHER,E_02_3,6
HOLIDAY,D_03_031,16
HOLY,G_01_72,4
HOME,B_03_063,5
HOMEWORK,A_03_003,5
HONEST,B_01_028,14
HONEY,F_02_64,1
HONEY_2,J_03_052,2
HONGKONG,G_02_4,2
HONK,H_01_74,10
HONOR,C_03_079,0
HOOD,H_03_104,3
HOP,E_03_25,1
HOPE,D_02_085,51
HORRIBLE,D_03_049,2
HORSE,A_01_029,3
HOSE,E_02_54,7
HOSPITAL,B_02_026,2
HOSPITAL_2(HEAD),J_02_022,2
HOT,F_02_93,1
HOT_COMPETITION,E_01_26,2
HOTDOG,B_03_067,13
HOTEL,B_01_053,0
HOUR,C_02_072,0
HOUSE,D_03_086,1
HOW,D_02_082,10
HOW_2,F_02_86,0
HOWL,J_02_019,8
HUG,G_02_36,7
HUMBLE,A_01_009,52
HUMOR,H_03_63,3
HUNDRED,H_03_27,20
HUNGRY,C_01_010,10
HUNT,B_01_025,18
HURDLE_1,F_02_12,1
HURDLE_2,G_01_36,1
HURRICANE,F_02_61,1
HURRY,G_01_75,9
HURT,E_01_2,20
HUSBAND,D_01_082,4
HYPOCRITE,F_03_24,1
I_LOVE_YOU,F_01_102,7
ICE,G_03_20,3
ICECREAM,A_02_013,5
IDEA,D_01_085,7
IDENTITY,H_03_71,11
IF,G_03_17,4
IGNORE,D_03_069,0
IMAGINE,B_03_018,2
IMMATURE,G_01_82,8
IMMERSE,E_02_32,51
IMPACT,D_02_051,0
IMPORTANT,B_01_081,9
IMPOSSIBLE,B_01_032,3
IMPRESS,F_02_32,2
IMPROVE,H_02_3,7
IN,E_03_62,3
INCH,H_01_56,3
INCREDIBLE,J_03_080,7
INDEPENDENT,J_03_040,2
INDIAN,C_03_009,3
INEPT,J_02_032,0
INFECTION,H_02_57,15
INFLUENCE,H_02_31,4
INHALE,J_03_048,0
INJECT,D_03_009,13
INNOCENT,G_02_62,1
INSIDE,H_01_47,1
INSPIRE,G_02_51,0
INSPIRING,F_01_95,0
INSTAGRAM,H_03_83,14
INSTEAD,H_01_79,7
INSTITUTE,J_02_047,19
INSULT,A_03_006,13
INSURANCE,D_02_030,15
INTELLIGENT,H_02_80,52
INTENTIONAL,G_02_40,51
INTEREST,B_03_038,3
INTERESTED_2,F_02_14,0
INTERNET,C_02_032,0
INTERPRET,J_02_009,6
INTERPRETER,D_02_066,0
INTERVENE,J_01_109,31
INTERVIEW,H_02_54,1
INTRODUCE,D_01_076,13
INTUITIVE,F_01_6,3
INVEST,F_03_45,0
INVISIBLE,G_03_78,6
INVITE,C_02_007,28
IRON,D_01_063,8
ISLAND,A_01_025,0
ISOLATED,F_02_33,37
ISRAEL,B_02_018,1
ITALY,D_02_074,1
ITCH,J_01_068,4
JACKET,C_02_008,0
JAPAN,D_01_046,10
JAR,G_01_76,0
JAW_DROP,J_02_014,1
JEALOUS,C_03_051,0
JELLY,C_02_040,6
JELLYFISH,G_03_49,0
JEWELRY,H_03_40,1
JEWISH,C_03_032,1
JIGSAW_PUZZLE,C_02_084,10
JOIN,G_03_39,2
JOKE,G_03_86,8
JOURNEY,E_03_37,1
JUDGE,B_01_058,33
JUGGLE,D_01_037,7
JUGGLER,E_03_51,7
JUICE_1,G_03_22,1
JUICE_2,G_03_35,0
JUMP,C_02_089,1
JUMP_ROPE,G_01_19,11
JUNIOR,J_03_082,8
KANGAROO,D_03_079,32
KEEP,H_03_5,1
KEY,B_02_033,0
KEYBOARD,B_03_070,6
KICK,G_03_87,6
KID,C_03_057,0
KILL,D_01_013,16
KINDERGARTEN,H_03_62,1
KING,C_01_056,0
KISS,D_02_014,2
KISS_2,E_03_88,3
KISS_FIST,J_03_038,5
KISS_ON_CHEEK,F_03_18,9
KITCHEN,A_02_016,0
KITE,A_02_030,0
KITTEN,J_01_092,4
KNEEL,C_03_021,6
KNIFE,B_02_011,1
KNIGHT,H_01_54,10
KNITTING,D_03_071,1
KNOCK,F_01_42,7
KNOCK_OFF,H_03_35,13
KNOW,C_01_048,14
KNOW_NOTHING,H_02_64,14
LABEL,J_02_105,14
LAMP,D_03_037,4
LAND,G_02_66,2
LANGUAGE,A_01_067,5
LAPTOP,C_03_042,10
LAST,B_01_038,5
LAST_WEEK,H_01_98,15
LATE,C_01_013,8
LATER,D_01_077,22
LAUGH,C_03_028,0
LAW,F_03_78,1
LAWNMOWER,B_03_064,23
LAWYER,A_03_007,1
LAY_DOWN,J_02_004,14
LAZY,A_02_050,7
LEAD,J_01_046,6
LEAF,D_02_083,0
LEAGUE,H_01_92,4
LEAK,F_02_38,3
LEARN,B_01_042,1
LEARN_LESSON,E_02_41,11
LEATHER,G_02_8,2
LEAVE,B_02_084,5
LEAVE_ALONE,H_03_105,19
LECTURE,C_03_048,28
LEFT,J_03_103,22
LEMON,A_01_069,1
LEND,J_01_088,9
LESBIAN,H_01_57,13
LESS,E_02_43,0
LESSON,D_03_083,1
LET_GO,F_02_34,9
LET_KNOW,D_02_028,1
LET_ME_SEE,E_01_92,4
LETTER,C_01_031,11
LETTUCE,A_01_083,1
LIBRARY,A_02_041,5
LICK_1,E_02_21,0
LICK_2,F_02_90,0
LIE,B_03_012,13
LIFT,G_02_82,49
LIGHT_WEIGHT,C_01_012,1
LIGHTER,D_02_025,6
LIGHTNING,D_02_069,21
LIGHTS_ON,E_03_66,2
LIKE,F_03_63,2
LIMITED,G_01_3,7
LINE,C_02_069,15
LINGUISTICS,H_01_4,18
LION,A_03_012,2
LIPREADING,E_03_47,5
LIPS,G_02_43,15
LIPSTICK,B_02_046,7
LIST,D_01_041,2
LIVE_1,B_03_046,0
LIVE_2,B_03_061,1
LIVING_ROOM,F_02_16,5
LOAD,H_01_55,32
LOBSTER,D_01_072,4
LOCK,D_01_078,1
LOCK_2,H_02_17,1
LOLLIPOP,E_02_95,9
LONELY,B_03_078,28
LONG,G_01_59,6
LONG_AGO,J_01_026,2
LONG_LINE,D_01_038,16
LONG_TIME,J_03_013,7
LONG_WORD,H_02_47,34
LOOK_APPEARANCE,B_02_068,9
LOOK_AT,B_01_041,2
LOOK_AWAY,F_02_98,2
LOOK_BACK,J_01_094,4
LOOK_FOR,B_03_045,4
LOOK_FORWARD,F_02_22,3
LOOK_LIKE,G_03_29,0
LOSE,D_03_064,6
LOSE_GAME,C_02_009,12
LOST,J_01_017,13
LOUD,D_02_007,2
LOUSY,F_01_74,0
LOVE,G_01_68,7
LOYAL,D_03_017,1
LUCK,H_03_9,13
LUCKY,D_02_008,0
LUNCH_1,F_01_76,5
LUNCH_2,G_02_81,9
LUNGS,G_01_26,10
MACHINE,A_03_078,16
MAD,F_01_84,1
MAGAZINE,A_02_076,0
MAGIC,D_03_018,0
MAGNET,C_03_003,10
MAGNIFY,G_01_73,6
MAID,G_01_44,0
MAIL,D_02_019,11
MAILMAN,F_02_82,11
MAINSTREAM,J_03_037,13
MAJOR,J_01_057,11
MAKE,C_01_032,24
MAKE_BELIEVE,J_02_097,3
MAKEUP,G_03_71,4
MAN,C_01_040,4
MANAGE,J_01_023,18
MANY,D_03_065,8
MAPLE,H_03_64,4
MARCH,J_01_013,1
MARIONETTE,F_03_73,13
MARRY,F_02_7,5
MASCARA,D_01_071,5
MASSAGE,H_01_100,6
MATCH,D_01_050,16
MATH,A_03_027,9
MAYBE,B_03_022,55
MCDONALDS_2,C_01_035,0
ME,B_01_068,18
MEAN_1,B_02_069,19
MEAN_2,C_01_046,1
MEAN_3(CRUEL),J_02_83,3
MEASURE,C_02_037,0
MEAT,D_02_022,0
MEAT_2,F_03_21,3
MECHANIC_1,A_03_030,1
MECHANIC_2,D_01_066,1
MEDICINE,C_03_040,8
MEDITATE,J_01_037,13
MEET,D_02_018,28
MEETING,C_03_082,1
MEGAPHONE,G_03_102,3
MELON,G_03_25,1
MELT,F_01_50,2
MEMBER,F_02_46,2
MEMORIZE,G_03_81,0
MEMORIZE_MEMORIZE,E_03_10,5
MENTION(ALTVAR),J_03_012,52
MESS,J_03_008,14
METAL,D_02_037,8
METAPHOR,D_02_059,4
MEXICAN,H_03_91,0
MEXICAN_1,J_02_045,3
MICROPHONE,F_02_96,3
MICROSCOPE,A_03_076,3
MICROSCOPE_2,F_02_53,0
MICROWAVE,A_02_043,8
MIDDLE,H_01_39,1
MILK,A_01_051,2
MIME,D_03_019,1
MIND,B_01_046,5
MIND_TURNED,J_01_034,51
MINIMUM,J_03_077,15
MINUTE,B_01_074,15
MIRROR,A_03_034,2
MISCHIEVOUS,E_02_35,0
MISS,G_02_49,55
MISSING,E_02_17,2
MISUNDERSTAND,C_03_027,0
MIX,H_02_10,18
MOCK,C_01_015,4
MODEL_1(FASHION),H_02_89,2
MODEL_2,J_02_005,8
MODEL_3,H_03_42,33
MONDAY,C_03_070,0
MONEY,C_01_042,8
MONKEY,A_01_016,0
MONSTER,F_03_14,25
MONTH,A_01_073,8
MOON,A_01_036,0
MOOSE,G_02_100,5
MOP,A_02_090,18
MORE,B_03_032,15
MORNING,C_02_012,28
MOSQUITO_1,H_03_53,6
MOST,E_01_85,2
MOTHER,B_02_008,8
MOTIVATION_1,E_02_47,57
MOTIVATION_2,G_03_37,57
MOTORCYCLE,D_01_011,0
MOUNTAIN,A_01_055,3
MOUSE,A_03_009,28
MOUTH,C_02_087,9
MOVE,D_03_090,9
MOVE_DOWN,G_01_53,9
MOVIE,D_01_026,5
MOVIES,B_03_077,10
MUCH,B_01_061,25
MUMMY,G_03_77,22
MURDER,F_02_77,16
MUSCLE,G_01_95,4
MUSEUM,C_01_024,6
MUSHROOM,E_02_89,2
MUSIC,A_01_080,12
MUST,F_02_4,13
MUSTACHE,B_01_021,3
MY,C_01_060,20
MYSELF,D_03_024,14
NAIL,G_03_10,0
NAIL_CLIPPER,E_01_77,0
NAKED,H_01_87,2
NAME,D_01_021,10
NAPKIN,A_03_019,8
NAVEL,E_03_7,13
NAVY,H_03_49,1
NEAR,G_01_14,20
NECK_1,F_02_81,5
NECKLACE,A_02_072,4
NEED,C_02_034,13
NEEDLE,H_02_77,4
NEGATIVE,J_01_008,16
NEPHEW,A_01_005,0
NERVE,G_02_45,1
NET,G_02_21,16
NETWORK,J_02_075,6
NEUTRAL,A_03_021,2
NEVER,C_02_079,6
NEW,B_02_070,6
NEW_YORK,B_01_034,3
NEWS_TO_ME,H_01_78,6
NEWSPAPER,D_02_053,1
NEXT,E_03_80,14
NEXT_DOWN,J_03_101,18
NEXT_TO,F_03_8,3
NEXT_YEAR,J_03_083,2
NICE,G_03_59,31
NIECE,E_01_80,2
NIGHT,A_01_003,9
NINE,E_03_8,19
0,C_03_041,2
NO_BIG_DEAL,H_03_44,33
NOISE,E_02_031,6
NONE,J_02_046,9
NOON_1,G_03_2,0
NOON_2,G_02_14,40
NOOSE,G_02_76,1
NORMAL,F_02_36,1
NORTH,C_01_080,2
NOSE,G_03_75,28
NOT,E_01_100,13
NOT_A_THING,J_02_088,17
NOT_CARE,D_03_044,0
NOT_INTERESTED,E_01_82,55
NOT_MIND,G_01_60,55
NOT_UNDERSTAND,G_01_49,0
NOT_USED_TO,F_03_100,25
NOT_YET,D_01_044,8
NOTHING,B_01_079,15
NOTHING_2,E_02_65,33
NOTHING_AT_ALL,J_03_032,2
NOW,C_03_062,10
NUMBERS,C_02_051,0
NURSE,C_03_065,3
NUT,D_02_073,16
OBSESS,J_03_002,51
OBVIOUS,E_03_56,12
OCEAN,G_03_76,3
OCTOPUS,F_03_7,0
OFF,E_01_27,10
OFF_THE_POINT,D_01_025,0
OFFEND,D_03_039,27
OFFHAND,E_01_72,51
OFFICE,A_01_063,15
OFTEN,J_02_106,4
OH_I_SEE,E_01_38,15
OIL,H_02_78,0
OK,F_03_80,7
OLD,D_01_007,0
OLDEST,H_03_24,2
ON,E_03_4,21
ONCE,J_02_059,2
ONE,F_03_12,30
ONE_MORE_1,H_03_41,0
ONE_MORE_2,J_01_066,7
ONE_YEAR_AGO,H_02_43,0
ONION,A_03_038,1
OOH,H_01_13,6
OOPS,D_03_056,11
OPEN,G_03_88,11
OPEN_BOOK,E_02_22,22
OPEN_WALLET,E_03_2,25
OPERATE_MACHINE,G_02_26,12
OPINION_1(SHAKE),J_01_108,4
OPINION_2,H_03_101,11
OPPORTUNITY,J_02_090,1
OPTION,F_01_92,0
OR_1,F_03_81,0
ORAL,C_03_024,0
ORANGE,A_02_020,0
ORANGE_EYES,E_03_87,2
ORANGE_THROAT,F_02_39,3
ORDER_1,C_02_064,25
ORDER_2,C_03_036,0
ORGANIZATION,J_03_033,4
OSTRICH,F_03_98,0
OTHER,B_02_043,2
OUR,G_02_67,2
OUT,E_02_66,4
OUTSIDE,E_03_71,8
OVER_1,F_03_79,1
OVERLOOK,G_01_66,17
OVERNIGHT,J_01_076,1
OVERTAKE,J_02_007,1
OVERWHELMED,G_03_64,10
OWE,C_01_089,9
OWL,D_01_087,0
OWN,D_03_046,1
PACIFIER,J_03_069,9
PACK,H_02_60,7
PAGE,G_01_70,1
PAGEANT,H_02_100,4
PAIN,C_03_033,0
PAINT,D_01_048,0
PAINTBRUSH,A_02_079,0
PAIR,H_03_31,1
PANCAKE,G_03_68,4
PANTS,A_01_058,19
PAPER,A_01_026,8
PAPERCUTTER,A_03_082,8
PARACHUTE,A_01_021,0
PARADE,B_02_039,4
PARAGRAPH,E_02_90,3
PARALLEL,H_03_67,2
PARANOID,J_02_021,0
PARENTS,B_03_044,9
PARK,E_03_28,8
PARTY_1,F_02_1,6
PARTY_2,G_02_59,7
PASS,H_03_33,2
PASS_OUT,G_02_2,2
PASSPORT,E_01_103,9
PAST,C_01_049,4
PATIENT_1,B_01_060,3
PATIENT_2,B_01_085,16
PATIENT_3,D_02_056,12
PAY,F_01_82,7
PAY_OFF_BILLS,F_03_36,8
PEACE,B_01_089,22
PEACH,A_01_070,0
PEACOCK,G_02_88,0
PEANUT_BUTTER,E_02_77,16
PEAR,F_02_6,0
PEAS_1,F_01_17,1
PEAS_2,F_02_52,3
PEEKABOO,E_02_26,2
PEEL,H_03_52,1
PEG,D_02_006,0
PEN,E_02_97,4
PENCIL,A_02_053,7
PENGUIN,F_01_88,17
PENIS,F_03_95,4
PENNY,D_01_049,5
PEOPLE,C_01_009,7
PEPPER,A_02_085,32
PEPSI,C_01_021,0
PERCEIVE,J_02_063,0
PERCENT,C_02_082,8
PERFECT,D_01_008,7
PERFUME,A_02_073,2
PERFUME_2,F_01_46,0
PERIOD(THAT'SIT),J_02_107,5
PERMISSION,G_03_93,6
PERSISTENT,E_01_78,11
PERSON,B_01_066,7
PERSPECTIVE,H_01_6,0
PERSUADE,G_01_91,18
PET,F_01_63,0
PHARMACIST,E_01_51,8
PHILADELPHIA,H_02_23,4
PHILOSOPHY_2,H_03_95,3
PHOTOGRAPHY,J_01_038,2
PHYSICS,E_03_14,0
PIANO,A_03_029,33
PICKLE_1,H_03_98,1
PICNIC_1,E_03_40,3
PICTURE,A_02_042,3
PIE,A_01_074,2
PIG,A_02_032,3
PILE,B_02_077,25
PILL,B_01_050,2
PILLOW,A_02_019,4
PIN_ON,G_02_96,1
PINCH,H_01_95,1
PINEAPPLE,C_02_088,0
PINK,C_01_074,3
PIPE,B_03_027,7
PIRATE,A_03_058,0
PISSED_OFF,H_03_56,3
PITCHER,G_01_28,3
PITY,C_03_022,7
PIZZA_1,G_01_13,8
PIZZA_2,E_02_85,6
PIZZA_CUTTER,E_02_84,11
PJS,E_03_102,6
PLACE,G_01_29,9
PLACE_2(Y),H_01_41,3
PLAIN,E_03_79,52
PLAN,E_03_34,55
PLANET,F_01_19,4
PLANT,E_01_29,0
PLATE,F_02_60,11
PLATFORM,E_03_70,25
PLAY,C_01_066,7
PLAYERS,G_03_62,7
PLAYGROUND,A_02_029,7
PLEASE,B_02_007,5
PLENTY,E_01_14,5
PLIERS,D_01_032,6
PLOW,H_02_58,32
PLUG_1,E_01_22,0
PLUMMET,G_03_28,15
PLUNGER,A_01_087,23
PLUS,J_03_045,11
POINT,D_01_075,0
POLE,H_02_14,7
POLICEMAN,A_01_052,9
POLICY,J_03_063,1
POLISH,J_01_086,3
PONDER,H_01_43,3
POOL,D_02_010,0
POOP,H_03_72,1
POOR,C_02_011,0
POP,D_03_023,0
POPCORN,A_02_080,11
POPE,G_02_77,0
POPULAR,J_01_016,1
PORCUPINE,G_01_33,0
POSITIVE,J_02_050,11
POSSIBLE,B_02_005,35
POSSUM,H_03_79,9
POSTPONE,H_01_12,4
POTATO,A_03_050,0
POUR,F_02_63,0
POWDER,H_01_26,0
POWER,C_03_069,0
PRACTICE,F_03_2,2
PRAYER,C_03_090,14
PREACHER,D_01_019,32
PRECIOUS,H_02_71,3
PREDICT,F_01_58,0
PREFER,B_01_078,0
PREGNANT,H_01_31,0
PRESIDENT,D_02_016,3
"PRESS(CLICK,POKE,PUSH)",H_03_6,16
PRESS_IN_MIND,E_02_82,1
PRETEND,D_03_062,28
PRETTY,C_01_022,1
PRICE,C_02_004,18
PRIDE,A_01_081,12
PRIEST,D_03_026,3
PRINCE,E_01_3,0
PRINCIPAL,H_01_30,0
PRINT,B_01_045,1
PRIORITY,J_01_074,0
PRISON,A_01_090,16
PROBLEM_1,C_03_010,0
PROBLEM_2,B_03_047,7
PROCESS,E_03_55,28
PRODUCE_SIGN,J_03_051,5
PROFOUNDLY_DEAF,H_02_16,0
PROGRAM,G_02_84,1
PROJECT,J_01_054,1
PROMISE,A_01_071,52
PROMOTE,D_01_061,14
PROOF,E_02_19,16
PROPELLER_1,F_01_38,2
PROPELLER_2,E_01_23,0
"PROPOSE(PROPOSAL,OFFER,SUBMIT,SUGGEST)",H_02_26,49
PROTECTION,C_03_037,25
PROTEST,H_03_26,4
PROVIDE,H_01_45,2
PROXIMALIZATION,J_01_106,1
PSYCHOLOGIST,A_03_010,4
PSYCHOLOGY,F_02_74,2
PUBLIC,H_02_29,25
PULL,D_02_062,18
PULL_CONVINCE,G_03_69,18
PUMPKIN,H_02_56,1
PUNCH_FACE,J_01_051,5
PUNISH,C_02_041,8
PURPLE,B_02_067,2
PUSH,D_02_077,55
PUT,F_03_46,9
PUT_ASIDE,G_02_7,55
PUT_IN_BACK_MIND,E_01_76,5
PUZZLED,B_01_012,10
Q_TIP,F_03_74,4
QM,J_02_011,7
QUALITY,J_02_095,1
QUARTER,H_02_49,6
QUEEN,A_03_055,1
QUIET,C_01_037,2
QUIT,F_01_79,2
RABBIT,C_02_024,0
RACCOON_1,H_02_82,3
RACE,F_02_75,2
RADIO,A_01_075,6
RAFTING,E_03_89,40
RAIN,A_03_061,15
RAINBOW,F_03_1,3
RAISIN,E_03_19,1
RAKE,D_03_021,4
RANGE,H_01_101,14
RAT,D_02_081,3
RAZOR,A_01_089,14
REACT,H_03_65,2
READ,A_01_022,3
READY,F_03_42,4
REAL_SICK,G_01_71,4
REALLY,B_02_021,12
REALLY_INTO,H_02_79,0
REASON,C_01_076,1
RECENT_1,H_03_90,9
RECENT_2(TAP),J_02_056,14
RECITE,J_02_078,9
RECORD,G_01_24,5
RECORDING,B_03_089,5
RED,C_02_090,13
RED_FACED,F_03_30,28
REDUCE,E_01_42,1
REFLECT,E_03_36,4
REFRIGERATOR,G_01_1,1
REFUSE,H_01_62,5
REGISTER,F_01_21,2
REGULAR,J_01_067,7
RELATIONSHIP,B_01_023,2
RELAX,D_03_081,22
RELEASE(SAMEASFREEDOM),E_03_59,11
RELIEF,H_01_63,8
RELIGION,B_03_029,2
REMEMBER,C_02_014,8
REMEMBER_2,H_03_38,14
REMIND,J_02_103,1
REMOTE_CONTROL,B_03_004,6
REMOVE,J_02_092,0
REPLACE,J_03_007,15
REQUEST,E_01_24,25
REQUIREMENT,C_01_078,5
RESCUE,H_02_67,11
RESEARCH,B_03_084,7
RESENT,J_03_039,0
RESIGN(SAMEAS'GETOFF'),J_01_084,3
RESIST,G_03_30,25
RESPECT,J_01_029,2
RESPONSIBILITY,B_01_018,7
REST,B_01_031,22
REST_ALL_DAY,J_03_043,9
RESTAURANT,D_02_045,0
RESTLESS,E_03_3,1
RESULT,J_01_039,0
RETIRE,J_03_084,0
RETRIEVE,H_02_28,3
REVENGE,D_03_088,5
RHINO,D_03_016,8
RICH,F_03_103,0
RIDE,F_03_23,1
RIDE_2(VB),J_03_026,3
RIGHT_1,C_01_065,28
RIGHT_2,C_01_070,2
RIGHT_3(LEGAL),J_03_095,26
RING,A_03_053,0
RISK(TAKE_RISK),F_02_26,9
RIVER,A_03_035,2
RIVER_2,F_02_66,19
ROAD,F_02_83,24
ROAR,J_03_062,7
ROAST,J_02_038,20
ROB,G_02_93,3
ROBOT,F_01_34,55
ROCK,A_01_030,1
ROCKET_1,E_01_16,8
ROCKET_2,E_02_88,8
ROCKING_CHAIR_1,E_03_24,3
ROCKING_CHAIR_2,G_01_10,7
ROLE,H_03_36,1
ROLL,E_03_11,16
ROLL_UP_SLEEVES,H_03_34,2
ROLLERBLADING,D_02_033,6
ROLLERSKATING,A_02_074,3
ROOF,F_01_39,31
ROOM,A_01_024,55
ROOMMATE,H_03_73,32
ROOSTER,A_03_051,4
ROPE,D_03_012,0
ROSE,G_03_24,0
ROUGH,F_01_28,4
ROW,G_03_47,22
RUDE,B_01_026,8
RUIN,G_02_60,8
RULE,F_02_91,2
RULER,G_02_86,10
RUN,B_03_015,0
RUN_2(FISTS),J_01_100,35
RUN_OUT_OF,G_01_77,3
RUSH,E_03_54,3
RUSSIA,D_02_091,16
SAD,B_02_053,10
SAFE,G_01_85,11
SAIL,D_01_074,10
SAILBOAT,F_02_94,0
SALAD,A_02_061,25
SALT,B_01_069,1
SALT_SHAKER,E_02_100,15
SAME_1,B_02_009,15
SAME_2,B_02_013,28
SAME_SAME,J_02_081,10
SAME_TIME,H_02_21,5
SANDALS,A_02_004,2
SANDWICH,A_01_015,0
SANTA,F_03_19,2
SARCASTIC,E_01_5,0
SATURDAY,D_01_028,15
SAUCE,F_01_54,2
SAUSAGE,F_03_88,11
SAVE,G_03_61,0
SAVE_MONEY,G_02_74,1
SAW,D_03_060,25
SAXOPHONE,G_03_15,4
SCAN,C_03_039,0
SCAR_MEMORY,F_03_89,7
SCARCELY,B_02_014,9
SCARED,B_03_079,9
SCARF,A_03_013,0
SCHEDULE,A_03_001,4
SCHOOL,C_03_089,10
SCIENCE,A_02_011,6
SCIENTIST,A_01_020,5
SCISSORS,A_01_038,2
SCOLD,H_01_8,30
SCOOP,J_03_044,0
SCORE,H_01_60,9
SCOUT,H_02_99,3
SCRATCH,H_02_84,0
SCREAM,E_03_27,5
SCREWDRIVER,D_02_023,2
SCRIPT,H_03_81,4
SCROLL_DOWN,C_03_084,16
SCRUB,E_02_86,9
SCULPT,J_01_028,3
SCULPTURE,E_03_45,8
SEAL,G_01_57,57
SECRET,C_03_076,13
SECRETARY,A_03_059,2
SEE,C_02_030,4
SEE_SEE,J_03_004,4
SEEM,F_01_43,5
SELECT,D_03_087,20
SELF,H_01_15,5
SELL,J_03_024,9
SENATE,G_03_99,3
SEND,E_02_9,9
SENIOR_CITIZEN,H_03_97,1
SENSITIVE,J_02_091,1
SENTENCE,H_01_25,11
SEQUENCE,E_02_8,25
SERIOUS,B_01_071,4
SERVE,E_02_4,55
SET_UP,B_03_021,0
SEVEN,F_03_87,9
SEVERAL,J_01_099,0
SEW,B_02_073,2
SHAKE_1,G_01_62,1
SHAKE_2,F_03_48,35
SHAKESPEARE,J_03_105,25
SHAME,D_03_008,0
SHAME_ON_YOU,H_01_66,3
SHAMPOO,D_01_035,11
SHAPE,F_01_5,3
SHARE,E_02_101,0
SHARK_1,E_03_23,9
SHARK_2,E_02_71,11
SHARP,G_01_55,0
SHARP_2,H_01_105,2
SHARPEN,H_03_60,1
SHAVE,B_03_017,5
SHAVE_2(S-HAND),J_02_018,1
SHAVE_3,H_03_18,14
SHEEP,A_02_010,0
SHELF,E_02_60,9
SHIELD,E_01_50,25
SHINY,D_01_091,2
SHIRT,A_01_028,13
SHOCKED,D_01_023,51
SHOES,A_02_057,23
SHOOT,J_01_024,0
SHOOTING,F_01_49,1
SHOP_1,C_03_075,5
SHOP_2,D_03_058,5
SHORT_2,H_02_92,17
SHORT_DISTANCE,H_01_49,2
SHORT_WORD,J_02_087,9
SHORTS,A_01_037,4
SHOT,E_01_13,1
SHOULD,G_02_79,16
SHOULDER,A_02_055,4
SHOUT,J_03_005,5
SHOVEL,A_01_088,23
SHOW,C_01_050,28
SHOWER,A_02_001,0
SHRIMP,A_01_065,17
SHUT_OUT,G_03_26,11
SHY,B_01_040,0
SICK,B_01_072,7
SIDE,J_03_055,9
SIDEBURNS,F_01_87,3
SIGN,E_03_50,20
SIGN_LANGUAGE,D_02_031,20
SIGN_PAPER,H_03_94,3
SIGNATURE,F_01_69,3
SIGNING_FLUENTLY,F_03_69,8
SILLY,B_01_090,6
SILVER,D_03_091,1
SINCE,D_03_014,0
SING,D_03_075,3
SINGLE,H_01_18,8
SINGLE_OUT,J_01_061,1
SINK,E_02_42,8
SIREN,G_03_65,16
SISTER,D_03_050,0
SIT,D_03_034,0
SITUATION,H_03_66,1
SIX,G_03_34,11
SKATE,C_01_090,9
SKATEBOARDING,C_02_052,0
SKI,D_02_027,11
SKILL,G_02_38,0
SKIN,F_01_91,3
SKIRT,A_01_046,4
SKUNK,G_01_32,0
SLAVE,E_03_94,24
SLED_1,F_01_10,9
SLED_2,G_02_27,9
SLEEP,B_03_037,2
SLICE,J_01_035,0
SLIDE,F_01_100,12
SLINGSHOT,F_02_69,0
SLIP,J_02_030,26
SLIPPER,E_01_62,5
SLOW,B_02_041,7
SMALL,D_01_030,40
SMART,D_02_075,1
SMELL,E_02_49,17
SMELL_MONEY,F_03_26,17
SMILE,D_01_031,1
SMOKE(FIRE),H_01_46,0
SMOKING,C_03_087,1
SMOOTH,H_02_101,3
SNAIL,G_01_67,0
SNAKE,A_01_043,1
SNAP,F_02_17,0
SNEAK_ADVENTURE,F_01_57,2
SNEEZE,C_03_066,0
SNOB,B_03_042,3
SNORKEL,E_01_102,7
SNOW,A_01_057,4
SNOWMAN,G_03_73,1
SNOWSUIT,E_03_5,1
SO,G_01_69,15
SOAP,A_01_084,0
SOAP_2,E_03_78,0
SOCCER,A_03_004,5
SOCCER_2,F_03_32,0
SOCIAL,H_03_30,25
SOCIALIZE,H_01_21,3
SOCIETY,H_01_2,11
SOCKS,A_03_033,28
SODA,C_03_030,0
SOFA,G_03_6,7
SOFT,E_03_13,4
SOFTBALL,G_01_30,32
SOME,B_01_020,31
SOMERSAULT,J_02_012,20
SOMETHING,G_01_9,37
SOMETIMES,E_02_38,15
SON,B_02_086,3
SOON,G_01_4,17
SOON_2(H),J_02_098,17
SOON_3,H_03_23,18
SOPHISTICATED,G_02_83,3
SOPHOMORE,J_01_107,1
SORRY,C_01_020,0
SOUND,H_02_96,19
SOUP,A_01_039,2
SOUR,F_03_60,4
SOUTH,C_02_029,25
SOW,H_01_75,2
SPACE,H_03_93,2
SPACESHIP,J_03_074,3
SPAGHETTI,A_01_042,8
SPAIN,G_01_94,0
SPEAKERS,B_01_076,14
SPECIAL_1,H_01_68,0
SPECIAL_2(F),J_02_020,0
SPECIALIST,H_01_38,11
SPECIFIC,E_02_91,0
SPEND,E_01_17,0
SPEND_LOTS_OF_MONEY,E_02_83,0
SPICY,J_03_036,1
SPIDER,D_03_067,32
SPILL,G_01_37,7
SPIN(WEAVE),J_02_085,20
SPIT_OUT,F_02_30,1
SPONTANEOUS,E_02_24,0
SPOON,A_02_037,1
SPORTS,C_03_035,2
SPOT_SOMETHING,G_01_2,49
SPREAD,G_03_12,7
SPRING,E_03_74,3
SQUARE,J_01_060,1
SQUARE_IDIOT,J_01_062,4
SQUEEZE,H_03_19,15
SQUIRREL,C_03_020,1
SSHH,E_02_16,33
STACK,J_01_096,1
STADIUM,G_01_86,11
STAFF,C_01_071,6
STAIRS,A_03_048,2
STAMP,C_03_063,1
STAMP_1,G_02_98,6
STAMP_2,F_03_93,2
STAND,E_02_11,12
STAND_UP,J_03_070,6
STAPLER,G_02_5,5
STAR,A_03_087,28
STARBUCKS,B_03_010,1
STARE,G_01_34,3
STARS,A_01_047,28
START,B_01_011,0
STATE,F_01_86,1
STAY,F_02_50,10
STAY_AWAKE_24HRS,J_02_060,2
STEAK,D_02_041,1
STEAL,C_02_019,2
STEAM,J_01_011,5
STEP,E_01_70,0
STETHOSCOPE,D_03_028,1
STICKY,F_02_89,4
STILL,G_02_85,9
STIMULATE,H_02_35,0
STING,H_03_22,2
STINK,H_01_64,2
STIR,D_03_055,0
STOCKINGS,E_01_61,1
STOMACH,C_03_054,3
STOP,D_01_010,16
STOPWATCH,F_01_67,13
STORY,E_01_15,1
STORY_2(B),J_01_007,4
STORY_3,H_03_7,6
STRAIGHT,E_01_81,13
STRANGE,C_03_018,10
STRANGLE,J_01_093,33
STRAW,G_01_92,0
STRAWBERRY,A_01_068,17
STREET,A_01_062,55
STRESS,B_02_075,2
STRICT,C_01_047,1
STRING,F_03_54,15
STRIPE,H_01_85,5
STRONG,G_03_27,12
STRUCTURE,H_01_35,12
STRUGGLE,H_03_102,20
STUBBORN,B_03_086,3
STUCK,E_01_19,4
STUDENT,A_02_012,1
STUDY,G_01_90,1
STUMBLE,J_02_079,55
STUPID_1,C_01_058,6
STUPID_2,C_02_047,3
SUBMIT,H_02_55,11
SUBTRACT,B_02_027,3
SUCK,F_01_12,20
SUIT,G_01_103,0
SUMMARIZE,D_03_041,19
SUMMER,B_02_037,3
SUN,C_02_003,0
SUNBATHE,H_02_13,1
SUNDAY_2(8),J_02_001,0
SUNRISE,H_03_89,6
SUNSET,B_02_087,5
SUPERIOR,J_02_065,1
SUPERVISE,J_01_018,9
SUPERVISOR,J_02_010,9
SUPPORT_1,G_01_52,3
SUPPORT_2,F_03_66,23
SURE,C_03_044,33
SURF,A_01_048,0
SURGEON,A_02_007,6
SURGERY,H_03_46,9
SURPRISE,B_01_013,3
SUSHI,D_03_092,14
SUSPECT,C_03_012,33
SUSPEND,H_01_16,15
SUSPENDERS_1,E_03_77,0
SUSPENDERS_2,E_01_28,0
SWALLOW,B_02_019,5
SWEAR_IN,J_02_016,20
SWEAT,H_02_51,1
SWEATER,D_02_092,2
SWEATPANTS,F_02_42,1
SWEATSHIRT,E_01_18,1
SWEEP,D_01_086,26
SWEET,J_03_029,6
SWEETHEART,H_02_5,2
SWIM,E_03_53,14
SWING,A_02_018,13
SWING_2,F_02_85,3
SWITZERLAND,F_01_9,10
SWORD,E_03_101,5
SYMPATHY,D_01_090,5
SYSTEM,H_01_61,13
TABLE,A_03_025,11
TAIL,D_01_083,0
TAKE,G_01_93,15
TAKE_CARE,F_03_71,8
TAKE_NOTES,F_03_94,0
TAKE_OFF,H_03_50,7
TAKE_OFF,F_01_20,0
TAKE_PILL,F_01_45,4
TALK,C_01_008,11
TALK_2,H_01_23,3
TALK_DIRTY,H_02_46,6
TALL_1,B_03_024,28
TALL_2,B_01_030,17
TAN,F_02_72,9
TANKTOP_1,E_01_9,3
TAPE,G_01_17,5
TASTE,J_01_081,7
TEA,A_02_052,1
TEACH,D_02_052,3
TEACHER,A_02_033,3
TEAM,E_01_71,7
TEAR,C_02_016,21
TEAR_RIP,G_03_9,7
TEASE,D_02_090,8
TECHNOLOGY,E_03_17,0
TEENAGER,H_02_39,9
TEETH,D_01_040,4
TELEPHONE,A_02_040,10
TELL,C_02_013,6
TEMPER_BLOW_UP,F_02_97,51
TEMPORARY,G_03_67,10
TEMPTATION,C_01_082,19
TEND_YOUR,G_03_32,5
TENDENCY,G_03_89,8
TENNIS,A_01_053,5
TENT,E_02_12,0
TEST,D_01_060,6
TEXT,B_03_054,10
THAN,F_02_2,3
THANK_YOU,H_02_53,7
THANKSGIVING,D_01_047,0
THAT,C_03_059,15
THEATER,D_01_052,6
THEN,F_01_31,1
THEORY_1(T),J_03_042,7
THEORY_2,J_02_031,1
THERAPY,H_03_88,7
THERE,D_02_060,30
THERMOMETER,D_02_012,11
THESE,G_03_95,27
THEY,E_01_44,27
THIEF_1,B_03_019,0
THIEF_2,B_01_087,1
THIN,C_02_002,15
THINGS,B_03_043,12
THINK,C_03_053,5
THINK_CONNECT,F_02_87,51
THINK_EXPAND,G_02_15,51
THINK_OBSESS,G_03_79,51
THINK_OVER,D_02_054,34
THINK_PENETRATE,J_01_090,51
THINK_PENETRATE,G_01_39,51
THINK_SMART,G_01_45,33
THIRD_1,F_02_88,4
THIRD_2,J_02_072,4
THIRSTY,C_03_071,3
THIS/IT,F_01_35,30
THOSE,F_02_103,27
THOUGHT_DISAPPEAR,G_01_51,51
THREE,B_01_044,7
THRILLED,G_02_70,0
THROW,C_03_081,0
THROW_AWAY,E_02_70,6
THUNDER,F_03_15,2
THURSDAY,B_02_045,19
TICKET,E_02_29,1
TICKLE,H_01_73,6
TIE,A_01_013,2
TIGER,A_01_050,5
TIME,B_02_080,10
TIME_PROGRESS,H_02_61,26
TIME_TO_TIME,J_01_020,12
TINY,J_03_006,17
TIRED,D_02_050,4
TIRED_OF,G_01_43,1
TISSUE,G_02_32,1
TO,E_03_86,9
TO_A_GOAL,F_01_26,51
TOAST,D_02_080,1
TOBACCO,A_02_049,0
TODAY,E_02_6,10
TOGETHER,G_01_97,5
TOILET,A_02_038,32
TOMATO,D_02_087,52
TOMORROW,F_02_40,1
TONGUE,G_03_57,1
TOO_MUCH,E_02_15,19
TOOTHBRUSH,D_03_073,4
TOP,H_01_65,18
TOPIC,H_01_103,3
TORNADO,A_02_047,0
TOSS,J_03_009,2
TOSS_OUT,H_02_37,1
TOTAL,H_01_71,6
TOUCH,G_03_63,0
TOUGH,H_03_10,0
TOURNAMENT,B_03_031,10
TOW,H_01_86,4
TOWEL,F_01_7,12
TOY,E_01_64,7
TOY_2,J_01_056,7
TOY_3,H_03_070,2
TRACTOR,H_01_42,18
TRADITION,J_03_023,16
TRAFFIC,B_01_043,55
TRAIN,B_03_003,2
TRAIN_2(PRACTICE),J_01_032,3
TRANSFER,J_03_028,3
TRANSGENDER,J_01_082,0
TRANSLATE,D_01_080,1
TRASH,A_01_035,5
TRAVEL,B_02_089,2
TREE,A_01_002,7
TRIANGLE,J_02_080,5
TRIPLE,J_02_077,0
TROPHY,D_02_086,10
TROUBLE,B_03_048,1
TRUCK,G_03_7,11
TRUCK_2(C),J_02_070,33
TRUE_BUSINESS,E_03_68,52
TRUTH,E_03_15,5
TRY,B_02_034,12
TTY,G_01_35,19
TUBE,G_03_42,24
TUBE_TOP,E_01_67,3
TUESDAY,J_03_087,6
TURBAN,F_03_90,0
TURKEY,A_02_078,6
"TURN(TAKE_TURN,ALTERNATE)",J_01_065,4
TURN_AROUND,J_02_086,12
TURN_KEY,E_01_56,6
TURTLE,A_02_009,0
TV,C_02_038,19
TWIN,F_01_32,0
TWINS_2(T),J_02_089,0
TWIRL,J_01_102,16
TWO,C_02_005,8
TWO_MORE,G_01_21,1
TWO_OF_US,H_02_90,5
TWO_WEEKS,J_03_066,12
TYPE,B_01_056,9
TYPE_KEYBOARD,F_03_59,32
UDDER,F_02_84,18
UGLY,C_01_019,3
UMBRELLA,A_02_022,5
UNAWARE,H_03_82,11
UNCERTAIN(AMBIVALENT),H_02_20,12
UNCLE,D_02_011,2
UNDER,E_02_87,1
UNDERGRADUATE,J_03_079,4
UNDERSTAND,C_01_006,5
UNDERWEAR,A_03_023,0
UNICORN,F_02_31,10
UNION_STATION,J_02_003,8
UNIQUE,F_01_15,0
UNIVERSITY,C_02_063,11
UNTIL,H_02_18,19
UP,E_01_69,30
UPLOAD,C_01_028,3
UPSET,F_01_75,0
UPSET_2,H_03_47,0
US,H_03_55,2
USE,D_03_043,4
VACATION,B_03_016,9
VACUUM,D_03_084,3
VAGINA,F_02_65,18
VAIN,G_02_17,0
VALIDATE,H_03_51,4
VALLEY,G_02_90,19
VALUE,H_03_85,5
VANILLA(ADDDISAMBIG.MOUTHING),F_01_22,8
VANISH,H_02_98,3
VASE,E_02_28,4
VEGETABLE,C_01_018,1
VERB,A_03_005,4
VERY,G_02_101,5
VERY_INTERESTED,G_02_39,4
VEST,J_03_050,5
VIBRATE,J_02_035,55
VIDEOCAMERA,B_03_006,2
VIDEOCAMERA_2(EYE),J_01_104,5
VIDEOGAME,H_01_91,10
VIDEOPHONE,B_01_039,19
VIEW,E_02_61,2
VIOLIN,A_03_083,8
VISION,J_01_025,3
VISIT,H_03_80,7
VISITOR,J_01_097,4
VISUALIZE,H_01_27,3
VITAMINS(WITHDISAMBIG.MOUTHING),E_01_43,8
VLOG,J_03_027,16
VOCABULARY,H_01_82,0
VOICE,C_03_061,0
VOLLEYBALL,A_02_006,15
VOLUNTEER,H_02_62,15
VOMIT,D_02_072,4
VOTE,B_02_040,3
W.H.A.T,G_02_89,12
WADE,H_01_36,3
WAIT,B_02_016,13
WAITER,A_01_061,55
WALK,D_02_057,7
WALK_2,J_03_067,4
WALK_BACKWARDS,G_01_102,12
WALL,E_01_89,25
WALLET,F_01_81,25
WALLET_2,J_03_047,25
WALRUS,E_02_78,2
WAND,E_03_16,5
WANDER,A_01_019,21
WANT,C_03_013,15
WANT_2,E_01_25,15
WAR,B_03_075,20
WARM,B_02_047,1
WARN,B_01_033,21
WASH,E_01_33,10
WASH_DISHES,F_01_70,6
WASH_FACE,G_01_11,5
WASH_FACE_2(B),J_01_078,2
WASH_HANDS,F_01_56,0
WASH_MACHINE,C_02_057,11
WASTE,C_01_030,1
WATCH,G_02_78,6
WATER,A_02_031,5
WATER_SKI,F_03_22,5
WATERDROP,H_01_19,3
WAVE,A_03_079,19
WAY,C_02_073,55
WE,G_03_19,4
WE_WILL_SEE,F_03_27,4
WEAK,C_02_065,0
WEAR,B_02_032,11
WEATHER,C_03_072,0
WEAVE,H_02_81,5
WEDDING,D_03_015,0
WEDNESDAY,B_03_056,5
WEEK,B_02_079,28
WEEKEND_2,H_01_9,0
WEIGH,D_03_077,0
WEIGHT,E_02_37,4
WEIRD,H_02_11,0
WELCOME,J_02_054,2
WELL,D_01_009,33
WEST,D_03_053,11
WET,B_02_065,8
WHALE,G_03_13,0
WHAT_1,D_02_084,55
WHAT_2,D_02_094,28
WHAT_FOR,C_02_054,3
WHATEVER,B_02_025,41
WHEEL,H_03_69,16
WHEELBARROW_1,F_03_70,18
WHEELCHAIR,G_01_46,16
WHEN,C_03_086,1
WHERE,B_02_035,30
WHICH,B_01_088,10
WHILE,H_02_32,24
WHIP,A_03_077,5
WHISPER,H_03_75,0
WHISTLE,A_02_046,2
WHITE,E_03_46,5
WHITE_PERSON,J_02_043,4
WHO,C_01_041,1
WHOLE,J_02_049,19
WHY,D_01_067,0
WHY_NOT,H_02_34,5
WIDE,J_02_052,55
WIFE,D_03_025,5
WILL,F_03_25,12
WILL_GO,J_01_095,7
WIN,B_02_029,0
WIND,H_02_68,55
WINDMILL,A_02_048,2
WINDOW,A_03_042,21
WINDOW_OPEN,E_02_75,21
WINDY,G_02_80,15
WINE,D_01_015,1
WINK,D_03_094,3
WINTER,E_03_22,35
WISE,G_02_23,7
WISH,C_01_053,10
WITCH,A_03_018,0
WITH,C_02_074,11
WITHOUT,H_03_21,11
WOLF,A_01_049,0
WOMAN,C_02_028,8
WOMAN_2(NOSE)LADY,H_02_19,28
WONDER,B_02_076,9
WOOD,C_03_031,21
WORD,E_03_75,0
WORK,B_03_059,5
WORK_OUT,E_02_92,35
WORKSHOP,J_02_055,1
WORLD,B_03_023,0
WORM,B_03_014,8
WORRY,C_02_015,1
WORSE,H_01_11,15
WOW,F_01_2,5
WRAP,E_02_50,0
WRAP_UP,F_03_91,2
WRESTLE,J_01_033,13
WRING,H_01_29,5
WRISTWATCH,B_01_063,15
WRITE,D_01_051,7
WRITE_ON_WALL,G_02_87,5
WRONG_1,B_01_055,8
WRONG_2,C_03_050,8
YAWN,F_02_79,11
YAY,J_01_030,2
YEAH,D_01_058,15
YEAR,B_02_015,16
YELLOW,D_01_020,7
1,G_03_74,25
YESTERDAY,D_01_024,1
YOU,D_02_065,30
YOUNG,D_03_013,7
YOUNGSTER,J_03_041,2
YOUR,F_01_52,19
YOURSELF,E_02_81,3
YOYO,H_03_16,6
YUCKY_1,E_01_11,3
ZEBRA,G_02_3,0
ZERO,D_03_036,10
ZIPPER,D_01_034,0
ZOO,E_03_42,21
ZOOM_IN,B_02_056,4
ZOOM_OFF,D_01_057,0
TRUE,D_03_038,20