EntryID,Code
&=arms-cross,J_01_098
&=clap,J_02_076
&=raise-hand,H_02_48
&=sigh,H_03_86
1_dollar,C_02_025
5_dollars,B_01_062
8_hour,C_02_055
9_oclock,C_02_080
A-LINE_BOB,K_03_127
a_little_bit,H_03_25
abbreviate(short),G_01_40
about_1,B_02_072
about_2,B_02_003
absolutely_nothing,J_01_027
accent,E_01_73
accept,H_02_42
access,H_02_86
accident,B_02_059
accomplish,C_02_085
accordion,F_02_48
accountant,A_03_044
acquire,H_01_34
act,B_02_038
action,C_01_026
actor,A_03_047
add,E_02_30
addict,H_02_73
address,D_01_016
admire,J_03_049
admit,J_02_062
adopt,J_03_014
adult,C_03_008
advantage,H_03_59
advertise,J_03_015
africa,A_02_082
after,B_02_030
afternoon,J_01_040
again,J_02_013
against,H_03_3
age,B_02_071
agency,H_01_44
agreement,C_02_078
airplane,D_03_068
alarm,C_01_085
alaska,H_02_87
alcohol,E_03_12
align,H_02_22
all,C_03_088
all_day,H_02_93
all_gone,J_03_021
all_of_sudden,H_01_96
all_over,J_02_064
all_over_body,H_03_78
all_together,J_01_044
all_way,H_01_84
allergy,G_03_72
alone,D_02_024
alone_2,H_01_1
alphabet,B_02_024
alright,J_03_025
always,J_03_076
amazing,D_02_093
america,C_02_006
analyze,G_02_75
and,B_03_072
angel,A_03_085
angry,B_01_070
animal,B_03_002
announce,C_01_086
answer,E_03_65
antlers,F_01_27
any,G_01_16
anyone,H_01_59
apart,E_02_33
appear,C_03_064
apple,A_03_054
appointment,C_01_088
april,H_02_70
archeology,G_03_60
area,H_02_15
argue,F_03_72
arizona,J_03_022
arm,C_03_043
ARM_2,K_01_095
ARM_3,K_02_002
army,B_01_059
arrest_1,H_03_74
ARREST_2,K_01_023
ARREST_3,K_03_036
arrive,D_01_073
art,C_01_075
article,J_02_041
articulate_sign,J_01_014
asia,A_01_078
ask,B_02_023
assembly,J_03_096
assign,H_02_36
assist,J_03_093
assistant,F_03_76
astronaut,F_02_13
at,J_01_055
athlete,J_03_068
ATLANTA,K_03_107
attention,A_03_089
attitude,J_03_091
audience,F_01_72
auditorium,F_02_21
aunt,E_02_27
australia,J_03_035
autism,F_03_11
autism_2,K_01_040
automatic,J_01_048
average,G_03_50
avoid,E_01_40
awake,G_01_78
AWARD,K_01_114
away,F_02_71
awkward,B_01_022
axe_1,F_01_13
axe_2,G_03_66
baby,C_01_017
BABY_2,K_01_042
babysitter,F_03_61
bachelor,E_01_59
back,D_03_029
back_out,F_01_41
backpack_1,G_03_91
backpack_2,G_01_64
backyard,F_03_3
bacon,A_03_073
bad,B_02_082
badge_1,F_03_96
bag,A_01_064
BAG_2,K_02_015
bake_1,A_01_060
bake_2,B_01_051
balance,C_02_046
bald,F_02_100
ball,C_02_044
balloon,A_02_086
banana,A_03_002
BANANA_2,K_02_097
BANANA_3,K_03_014
BANANA_4,K_01_061
band_aid_1,F_02_20
bandage,F_03_20
bandaid,H_01_88
bank,D_02_032
bar,A_03_072
barely,H_03_37
bark,J_02_051
BARK_2,K_01_074
BARK_3,K_02_096
barrette_1,G_01_101
baseball,A_03_043
baseball_cap,G_02_72
basement,C_01_034
basic,E_01_101
basket_1,G_03_70
basket_2,E_01_60
basketball,A_03_045
basketball_2,H_02_4
BASKETBALL_2,K_01_013
baster_1,G_03_53
bat_1,F_03_43
bat_2,E_01_21
bat_3,F_02_28
bath,B_01_019
bathroom,A_02_051
BATHTUB,K_02_101
battery,D_02_089
beach,G_02_29
beak,G_03_48
beanie,E_03_91
beans,E_02_69
bear,D_03_063
beard,C_03_085
beat,D_03_020
beaver,F_02_67
because,B_01_049
become,H_02_8
bed,A_03_037
BED_2,K_03_004
bedroom,D_01_056
bee,E_03_18
bee_2(ck),J_02_101
beer,B_03_062
before,G_02_53
beg,F_02_37
behavior,C_02_036
behind,B_02_048
believe,D_02_049
believe_2,G_02_11
bell,G_02_18
belt,A_03_036
belt_3,E_02_93
bend,G_03_31
benefit,C_02_056
berry_1,E_01_95
best,F_02_62
bet,F_02_27
better,F_01_62
between,J_03_003
bib,E_02_103
bicycle,D_02_026
big,F_02_54
bind,E_03_92
binoculars,A_03_074
biology,A_02_015
bird,A_01_041
birth,C_02_076
birthday,D_01_054
bison,E_02_68
bitch,H_01_58
bite,G_02_99
BITE,K_02_045
BITE_ON_ARM,K_03_082
bite_on_neck,E_03_35
black,B_02_006
BLACKBIRD,K_03_124
blame,G_01_5
blank,H_02_6
blanket,A_03_032
bleed,J_03_075
bless,G_02_16
blind,B_01_016
blinds_1,B_02_081
blinds_2,C_03_014
blink,G_02_55
blond,E_02_102
blood,C_01_087
bloom,G_03_14
blouse,J_02_104
blow,E_02_96
BLOW_CANDLE_1,K_01_070
BLOW_CANDLE_2,K_02_022
blow_mind,F_02_45
blue,C_02_062
blur,J_03_088
blush,J_03_100
board,J_01_105
boat,D_01_055
body,B_01_047
boil,G_03_101
BOIL_2,K_03_054
boiling_mad,H_02_25
bolt,F_01_89
bomb,F_02_55
bone,C_03_015
book,A_01_027
boomerang,E_01_37
boots,C_03_019
BOOTS_2,K_03_101
bored,B_01_017
BORED_2,K_03_122
borrow,B_03_055
boss,B_02_052
boston,J_03_001
both,H_01_76
bother,H_01_40
bottle,D_02_064
bottom_2,F_01_66
bounce,H_03_57
bow_1,F_03_65
bow_2,G_02_63
bow_3,F_01_60
BOW_4,K_02_016
bowl,C_03_049
bowling,A_02_003
BOWLING_2,K_01_067
bowtie,A_01_044
box,C_03_025
boxing,F_03_50
boy,B_02_090
boyfriend,G_02_58
bra,A_03_028
BRA_2,K_01_090
BRA_3,K_02_039
bracelet,A_03_024
brag,B_03_011
BRAIDS,K_03_125
braille,F_01_78
brainstorm,J_01_103
brainwash,E_01_30
brave,B_03_050
bread,A_02_058
break,D_01_069
break_down,F_01_30
breakdown,B_01_064
breakfast,F_01_73
breakfast_2,J_01_053
breaktime,J_01_047
breathe,D_03_051
brick,H_02_85
bridesmaid,A_03_016
bridge,A_03_081
BRIDGE_2,K_01_018
bright,F_03_28
bring,F_03_4
broccoli_1,J_02_096
brother,B_01_065
brown,D_03_045
brush,A_01_072
bubbles,E_02_52
BUCKLE_1,K_02_056
BUCKLE_2,K_03_073
budget,E_01_99
buffalo,F_03_33
bug,B_01_067
building,A_03_088
bull,E_01_98
bulldozer,E_01_83
bullshit,J_03_053
BUMPY,K_01_123
BUN_HAIR,K_03_121
burn,J_02_037
burp,F_03_9
BURY,K_01_081
BURY_1,K_02_014
BURY_2,K_03_018
BURY_3,K_02_093
bus,E_01_4
business,D_01_022
busted,G_01_22
busy,E_02_40
but,D_03_030
butter,A_01_034
butterfly,A_03_056
buttons,F_02_25
buy,D_03_074
bye,E_01_58
cabbage,B_01_073
cabinet,B_03_030
cafeteria,A_02_054
cake,D_01_033
calculator,E_03_103
calendar,D_02_061
california,H_02_38
call,C_02_061
call_2,J_02_048
call_attention,C_01_038
call_tty,B_03_026
calm,G_03_4
camcorder,E_03_21
camel_2,G_01_42
camera,B_03_073
cameraman,E_02_34
camping,A_01_045
can,D_03_027
CAN_2,K_02_027
canada,C_03_034
cancellation,C_02_017
cancer_1,G_03_56
cancer_2,F_01_47
candle,C_03_060
candy_1,A_01_018
candy_2,D_02_079
cannon,G_02_37
cannot,E_02_94
canoe,D_01_045
cape,F_01_4
caption,C_02_086
capture,H_03_48
car,D_02_043
car_accident,E_03_29
car_battery,E_01_39
cards,J_03_065
careful,B_03_039
carousel,E_01_63
carrot,A_02_083
CARROT_2,K_01_105
CARROT_3,K_03_075
carry,J_02_042
CARVE,K_02_026
castle,A_01_008
CASTLE_2,K_01_017
CASTLE_3,K_02_019
CASTLE_4,K_03_110
casual,H_02_50
cat,A_01_023
CAT_2,K_02_047
CAT_3,K_03_087
catapult,E_03_83
catch,G_02_33
catch_2,J_01_073
CATCH_3,K_03_109
catch_3,H_03_15
CATCH_BASEBALL,K_02_058
category,E_01_34
catepillar,G_01_25
catholic,B_03_052
caught,H_02_69
cause,D_01_088
ceiling,J_01_091
celebrate,J_02_100
celery_2,G_02_48
CELLPHONE,K_01_128
cemetary,H_01_37
center,C_01_027
cereal,A_02_014
certificate,B_01_080
chain,E_02_55
chair,A_01_017
challenge,B_03_051
champ,J_03_030
champion,G_01_81
chance,A_03_080
change,E_01_31
channel,C_03_023
chaos,F_01_37
character,B_02_088
charge,F_01_25
charge_card_1,E_02_56
chase,F_03_17
chat,C_01_079
cheap,F_02_56
cheat_1,A_02_008
cheat_2,D_01_027
check,B_03_040
cheek,G_03_52
cheer,J_03_060
cheerleader,H_02_45
CHEERLEADER_2,K_01_016
cheese,A_02_021
cheese_grater,F_03_64
cherish,J_02_033
cherry,C_01_083
CHERRY_2,K_02_113
chew,G_02_91
chew_2(5),J_02_027
CHEW_2_mouth,K_01_100
CHEW_3,K_02_041
CHEW_4,K_03_094
chicago,D_01_043
child,F_03_101
children,C_02_066
chimney,E_02_64
chin_1,E_01_20
chin_2,F_02_70
china,D_03_061
chisel,F_03_41
chocolate,B_01_002
choke,G_01_79
chop,F_02_99
chopsticks,G_01_63
christmas_1,F_03_29
christmas_2,G_03_97
christmas_3(1-handed),J_03_061
church,C_02_018
churn,E_01_46
cigar,B_02_055
cigarette,C_01_059
circle,E_02_62
circus_1,F_01_29
circuswheel,H_02_65
city,B_01_029
CITY_2,K_02_076
clap,G_01_96
CLASH,K_01_032
class,B_03_068
clause,F_03_13
claw,G_02_71
clean,E_03_82
clear,D_01_006
cleftchin_1,E_01_54
cleftchin_2,E_01_45
click,G_01_47
client,J_01_031
climb_ladder,F_01_103
clip,J_01_083
clock,D_02_076
CLOCK_2,K_02_038
close,G_03_84
close_door,H_03_61
close_eyes,E_01_68
closet_1,F_03_97
closet_2,E_01_91
clothes,E_03_96
cloud_1,A_01_077
cloud_2,D_01_092
CLOUD_3,K_02_071
CLOUD_4,K_03_059
clown,A_03_026
clueless,F_03_82
coach,H_02_83
cocacola,D_02_040
cocaine,F_03_44
coconut,A_02_088
coffee,A_01_032
coins,D_01_018
cold,C_02_068
college,B_01_009
color,C_02_039
comb,C_02_070
COMB_2,K_03_065
come,C_03_074
come_here_E,H_02_74
come_out,E_02_20
comfortable,H_03_58
comment,H_01_5
committee,J_03_072
communication,B_03_013
community,J_01_015
commute,H_02_44
compass,G_02_12
complain,G_01_23
complex,C_01_061
computer,A_01_054
computer_mouse,C_01_073
concept,A_03_086
concerned,G_02_47
CONDUCT_1,K_01_060
CONDUCT_2,K_02_091
CONDUCT_3,K_03_057
cone,E_02_5
confident,D_02_035
confidential,G_02_22
conflict,J_02_084
confused_1,J_01_110
confused_2,J_02_067
congratulations,B_02_022
connection,E_03_60
consume,J_01_101
contact,D_03_022
contact_lens,E_02_74
continue,D_03_032
convince,G_01_48
convince_2,H_03_13
cook,D_03_078
cookie,B_03_008
cool_1,F_01_14
cool_2,G_03_45
cool_3,H_03_99
cool_4,H_03_32
cool_5,J_01_004
cooperate,E_01_10
copy,D_01_064
corkscrew,D_01_053
CORKSCREW_2,K_01_085
corn_1,A_02_084
corn_2,C_02_026
CORN_3,K_02_078
corner,J_03_071
"correct(grade,criticize)",J_02_040
cost,E_03_20
couch_1,G_02_13
cough,C_02_071
counselor,B_01_005
count,G_02_54
country,C_03_058
cousin,C_01_023
cover_up,C_03_038
cow,A_01_033
cowboy,F_01_18
crack,F_03_67
cracker,C_01_081
CRACKER_2,K_03_093
CRANKY,H_02_104
crash,J_02_017
CRASH_PLANE,K_01_034
crawl,D_01_068
CRAWL_2,K_02_088
crazy,D_03_040
cream,F_02_10
CREAM_2,K_01_046
create,D_03_076
credit_card,B_02_057
CREWCUT,K_02_127
criticize,F_03_83
crocodile,D_01_081
cross,C_01_067
cross_2,H_01_7
CROSS_3,K_03_028
cross_heart,J_01_064
crown,F_01_16
CRUMPLE,K_01_124
cry,B_03_028
CRY_2,K_01_003
CRY_3,K_02_040
CRY_4,K_03_060
culture,H_01_51
cup,A_01_010
curious,F_03_51
curl,J_01_052
CURL_2,K_01_072
curly_hair,H_02_7
curtain,A_02_025
CURTSEY_1,K_02_006
CURTSEY_2,K_03_038
cut_1,E_02_46
cut_2,F_01_65
cute_1,B_03_087
cute_2,C_01_045
damn,F_01_98
dance,B_02_063
dancer,A_02_034
danger,E_02_67
dark,E_01_12
dark_2(b),J_03_094
dart,C_03_029
date_1,G_01_31
daughter,E_02_23
day,C_01_044
deaf_1,F_03_38
deaf_2,E_03_98
deaf_school,H_01_22
deal_cards,J_02_074
death,A_01_076
decide_1,B_02_074
decide_2,D_03_057
decline,F_01_1
DECORATE_1,K_01_073
DECORATE_2,K_02_030
dedicate_1,F_03_85
dedicate_2,G_03_94
deep,C_03_006
deer,A_03_060
defeat_2,G_03_90
definition,G_02_61
deflate,E_01_79
degree,J_01_021
delegate,H_03_1
deliberate,H_02_9
delicious,B_01_082
delinquent,F_02_3
demand,D_03_080
demote,J_03_031
dent,H_02_30
dentist,A_01_014
DENTIST_2,K_03_027
deny,D_02_039
deodorant,A_01_086
department,C_02_033
depend_on,H_03_76
depress,E_02_59
depth,F_02_18
desert,A_03_008
design,J_03_104
dessert,F_01_94
destroy,E_03_52
develop_1,J_03_092
develop_2,H_01_050
devil,A_01_079
DEVOUR,K_01_047
diamond,A_01_066
diaper,A_02_002
dice,D_02_036
dictionary,F_03_35
die,D_02_021
different,E_03_95
different_situation,J_01_075
DIG,K_02_119
dig_up,G_02_19
dilemma,J_01_003
dining_room,F_02_49
dinner,G_03_44
dinner_2(d),J_02_023
dinosaur,A_01_031
DINOSAUR_2,K_03_047
dip,J_01_063
DIP_2,K_01_065
DIP_3,K_02_052
director,H_01_14
dirty,C_03_026
disagreement,B_02_066
disappear,D_01_036
disappoint,G_03_18
disconnect,H_01_17
discuss,E_03_81
dislike,F_03_6
disney,D_03_035
dispatch,G_02_102
disrupt,E_03_76
dissect,J_03_019
dissolve,J_03_081
dive,D_02_029
divide,E_02_18
divorce,C_01_063
dizzy,H_02_102
do_do,E_01_96
doctor,A_03_020
DOCTOR_2,K_03_015
document,H_01_97
doesnt_matter,F_03_31
dog,A_01_056
DOG_2,K_01_055
dog_3(slap),J_02_068
dog_4(slapsnap),H_02_103
doll,C_02_049
dolphin,A_03_057
DOLPHIN_2,K_02_021
DOLPHIN_3,K_03_032
dominant,J_01_087
donkey,J_01_012
dont_care,G_03_82
dont_feel_like,J_01_005
dont_know,E_03_49
dont_like,F_01_33
dont_mind,B_03_033
dont_need,H_01_104
dont_want,E_02_14
donut_1,F_01_71
donut_2,E_02_48
door,A_03_052
dormitory,A_01_059
double,H_03_84
doubt,B_01_057
down,G_03_55
downhill,H_03_12
download,C_03_046
downsize_1,C_01_055
downsize_2,D_02_058
DRAG,K_01_022
drag,J_02_039
dragon,F_01_11
draw,D_02_063
drawer,A_01_082
dreadlocks,G_02_69
dream,B_02_044
dress,A_03_046
dress_up,J_03_057
dresser,F_03_75
DRIBBLE,K_02_074
drill,D_02_044
drink,B_02_012
DRINK_2,K_03_092
drip,F_02_102
drive,E_02_53
drop,C_03_052
drown,D_01_017
DROWN_2,K_01_093
DROWN_3,K_02_111
DROWN_4,K_03_077
DROWN_5,K_01_045
drug,F_01_40
drum,A_03_075
drunk,C_03_077
dry,F_03_5
dryer,C_01_007
duck,D_01_079
DUCK_2,K_02_068
due,H_03_11
dumb,A_02_028
dust,H_03_87
duty,H_03_8
dye,F_02_92
each,F_02_59
each_other,H_02_76
eagle,D_03_066
EAGLE_2,K_03_021
ear,D_02_071
early,G_01_18
earmuffs,F_03_16
earn,C_03_055
earring,C_03_011
ears_up,E_02_99
earth,C_03_002
earthquake,A_03_039
easel,F_01_44
east,D_03_082
easter,E_03_32
easy,D_01_070
easy_to_do,G_02_73
eat_1,B_02_002
eat_2,B_03_082
eclipse,F_02_15
edge,E_03_99
edit_1,F_01_68
edit_2,G_02_57
effect,G_02_44
egg,A_03_011
egg_beater,E_01_7
ego,D_01_014
egypt,C_02_042
eight,J_02_099
either,J_01_085
electrician,A_02_005
ELECTROCUTE,K_01_096
elegance,D_03_042
elementary_school,J_01_070
elephant,A_02_059
elevator_1,E_03_72
elevator_2,G_03_36
ELEVATOR_3,K_03_002
eleven,E_01_52
email,B_03_083
embarrass,C_01_014
emotion,B_03_005
emperor,C_03_005
emphasis,F_03_86
empty_1,E_02_72
empty_2,J_01_077
end,E_01_74
enemy,E_02_45
energy,G_02_56
engagement,B_01_084
engine_start,E_01_36
engineer,A_03_014
english,A_01_011
enjoy,D_03_033
enough,D_01_084
enter,E_02_76
envelope,D_02_020
ENVELOPE_2,K_02_100
ENVELOPE_3,K_03_062
ENVELOPE_4,K_01_041
ENVELOPE_5,K_02_107
environment,J_01_022
equal,C_01_052
erase,J_03_085
ERASE_2,K_03_098
ERASE_3,K_01_099
ERASE_4,K_02_042
ERASE_5,K_03_095
eraser,C_01_072
erupt,H_03_17
ERUPT_2,K_01_119
escalate,H_01_33
escalator,F_01_36
escape,G_01_12
especially,G_03_100
europe,C_02_010
evaluate,A_03_015
even_1,F_03_57
evening,D_02_047
event,F_03_49
every_night,J_02_058
every_year,H_02_41
everyday,E_01_84
everything,F_03_84
evidence,G_03_103
example,G_02_24
excited,H_01_102
excuse,D_03_052
exercise,C_01_084
expect,F_02_68
expensive,C_01_064
experience,B_02_064
experiment,H_03_2
expert,F_02_23
expert(candoanything),J_03_099
explanation,C_02_053
explode,H_01_53
express(produce),J_01_009
eye-turn,H_03_39
eyeglasses,A_01_012
eyes,C_01_062
eyes_awake,G_01_41
face,E_01_53
faculty,J_02_061
fade,J_02_053
fail,H_01_77
faint,G_03_46
fair,G_01_80
fake,G_03_80
fall_1,B_03_074
fall_2,C_03_007
falling_asleep,E_03_6
family,C_01_025
famous,E_03_85
fan,F_03_55
fantasy,J_01_045
far,D_03_007
farm,B_01_086
fascinated,E_01_87
fashion,J_01_010
fast,C_03_016
fat,C_01_011
father,B_01_077
faucet,D_01_065
fault,C_01_051
favorite,B_01_024
feather,G_02_46
february,D_01_093
fed_up,E_01_47
feed,G_03_58
FEED_2,K_02_035
feedback,J_01_002
feel,C_02_001
fence,G_01_6
FENCE_2,K_03_037
fencing,F_01_83
few,C_02_067
fiance,F_03_34
fifth,J_03_046
fight,B_03_058
figure,C_01_016
file(catalog),J_03_102
FILE_3,K_01_038
FILE_4,K_02_036
fill_out,H_01_99
film,B_01_037
filter,F_01_59
finally,D_01_012
finance,F_02_47
find,B_03_076
fine_1,C_01_043
fine_2,D_02_067
finger,G_02_97
fingers_crossed_E,J_01_006
fingerspell,B_01_048
fingerspelling,B_03_065
finish,B_03_025
fins,E_03_58
fire,B_03_090
fired,J_03_058
fireman,A_02_039
FIREMAN_2,K_03_052
firetruck_1,F_02_101
first,C_01_033
fish,A_03_040
fishing,A_02_035
FISHING_2,K_01_050
fit,E_02_7
fix,G_03_43
flag,B_01_036
flag_2,G_02_92
flashlight,A_03_084
FLASHLIGHT_1,K_02_099
FLASHLIGHT_2,K_03_030
FLASHLIGHT_3,K_01_057
FLASHLIGHT_4,K_02_092
flip,H_02_88
flip_switch(sameasLIGHT_SWITCH),E_01_66
flipflops,F_03_77
float,E_03_43
FLOAT_2,K_03_007
FLOAT_3,K_01_082
floor,D_01_062
flower,A_03_017
flute,E_02_36
fly,D_03_070
focus,J_03_056
fold,F_02_19
FOLD_2,K_02_072
follow,G_01_58
follow_2,H_03_29
FOLLOW_3,K_01_113
FOLLOW_4,K_03_016
fond,J_01_079
fool,J_02_102
football,A_02_027
for,B_03_049
forbid,D_03_089
foreigner_1,C_01_077
foreigner_2,C_03_067
forest,G_01_38
forever,D_03_072
forever_2,E_02_25
forfeit,D_02_038
forgetful,D_02_017
fork,E_01_49
FORK_2,K_02_050
FORK_3,K_03_003
FORK_4,K_01_027
form,G_03_23
former,J_02_066
foul,J_01_049
four,C_01_029
fourth,H_03_4
fox,A_03_041
fraction,F_02_24
frame,G_02_34
france,D_02_078
fraud,D_02_070
freak_out,G_02_9
freckles,B_01_083
free,G_01_27
freedom(sameasRELEASE),E_02_1
freeway,B_03_001
freeze,F_03_10
french,C_02_022
frenchfries,A_01_085
friday,B_02_020
friend,D_03_010
friendly,C_02_031
friends_no_more,J_03_034
FRISK,K_02_070
frog,D_03_059
from,D_01_059
from_then_on,H_02_40
front,C_01_039
frown,F_02_57
FROWN_2,K_03_115
fruit,C_02_083
frustrate,C_02_050
fry,H_01_69
full,D_02_048
fun,E_02_57
function,J_02_071
funny,E_03_38
furniture,C_02_059
future,C_03_080
FUZZY,K_02_123
gallaudet,B_02_010
gamble,F_01_51
game,C_03_047
garage,A_03_022
garlic,G_02_28
gas,A_03_090
gate,E_03_64
gate_close,E_02_73
gay,D_03_011
generation,H_01_32
genius,H_02_24
germany,D_02_088
gesture,J_03_086
get,B_03_007
get_in_bed,J_03_010
get_information_out_of,E_01_57
get_off,H_01_93
get_through,F_03_47
get_together,J_02_073
ghost,E_01_32
gift,E_01_55
giraffe,A_03_049
girl,C_03_073
give,F_01_23
give_up,H_03_28
glass,E_01_90
GLASS_2,K_01_115
GLASS_3,K_02_059
glasses,B_03_036
glove,A_02_087
gloves,A_02_026
GLOVES_2,K_03_049
GLOVES_3,K_01_012
GLOVES_4,K_02_105
glow,D_03_093
GLUE_1,K_03_117
glue_2,F_01_96
go,C_03_056
go_ahead,J_01_041
go_back_and_forth,H_01_52
go_on,E_01_75
go_through(list),J_03_017
go_to_jail,F_03_99
goal,E_03_48
goat,A_02_024
goatee,G_01_74
god,D_02_068
going_through_a_hard_time,G_03_21
gold,D_02_009
golf,A_02_017
gone,G_03_51
good,B_01_052
goody_goody,G_03_83
goody_goody_shoe_opposite,J_01_072
goosebumps,G_03_96
gorilla,A_02_044
gossip,D_01_029
gotcha,H_02_72
government,B_02_062
grab,E_03_39
grade,F_02_76
graduate,B_03_081
graduate_school,H_02_52
grammar,J_03_078
grandfather,B_02_036
grandmother,C_02_027
grandparents,H_01_89
grapes,A_02_089
GRAPES_2,K_01_010
grasp,E_01_6
grass,A_03_031
gray,F_01_80
great,J_03_016
greece,C_02_048
green,B_02_085
green_beans,G_02_1
greet,J_01_042
GREET_2,K_02_095
grenade,E_02_10
grieve,E_03_100
grind,J_02_094
group,J_01_001
grow,B_02_042
grow_up,J_01_036
guess_1,C_01_057
guess_2,D_02_013
guide,E_03_57
guillotine_1,G_01_8
guillotine_2,F_01_93
guilty,D_03_085
guitar,A_02_077
gullible,C_02_058
gum,G_02_10
gun,D_02_046
GUN_2,K_03_105
GUN_3,K_01_069
gym,G_03_3
habit,E_03_67
had_enough,H_01_90
haha,G_02_103
hair,A_02_056
HAIR_2,K_02_053
hair_clipper,E_02_80
haircut,C_02_081
hairdresser,G_03_16
hairdryer,B_02_078
HAIRDRYER_2,K_03_056
HAIRDRYER_3,K_01_091
half,F_03_40
half_hour,J_02_024
hall,F_01_97
halloween_1,G_03_11
halloween_2,G_02_35
hamburger,A_01_004
hammer,C_02_021
hamster_1,E_03_73
hand_soap,G_01_89
handcuffs,G_01_88
hands,G_01_65
hands_off,H_02_27
handsome,J_03_018
handsome_1,F_01_3
handsome_2,G_01_98
handsome_3,E_03_41
hang,E_02_63
HANG_CLOTHES,K_02_069
hanukkah,G_02_30
happen,B_03_080
happy,C_03_078
hard,C_01_036
hard_of_hearing,J_01_050
harmonica,G_03_54
harp,F_02_73
hat,A_02_045
HAT_2,K_03_099
hatbrim,J_03_106
hatch,J_02_069
HATCH_2,K_01_007
hate,F_02_78
have,B_03_057
hawaii,J_03_054
he,F_02_44
head,E_03_44
head_back,H_03_100
head_grind,E_03_33
headache,B_01_027
headcold,J_02_025
headphones,C_01_054
health,B_02_083
heap,H_03_96
hear,E_01_97
hear_2(3),J_02_006
hearing,C_02_023
hearing_aid,B_01_015
heart,B_03_066
heart_touch,E_03_97
heartbody,H_02_63
heaven,A_02_075
heavy,F_01_85
helicopter,D_02_042
HELICOPTER_2,K_02_004
HELICOPTER_3,K_03_063
hell,G_03_8
hello,D_02_055
helmet,D_02_034
HELMET_2,K_01_066
help,D_01_042
hen,G_02_41
here,D_01_089
hide,G_02_25
high,C_02_045
high_heels_1,F_02_8
high_school,C_02_060
highlighter,G_01_20
hinge,G_03_41
hippo,C_01_069
HIPPO_2,K_02_060
HIPPO_3,K_03_074
his,F_02_58
history,A_02_036
hit,F_02_5
HIT_2,K_01_111
hitchhike,J_02_034
hockey,B_01_035
hoe,G_01_7
hold,F_02_80
HOLD_2,K_02_124
hold_accountable,E_03_93
hold_hands,H_02_75
hold_together,E_02_3
holiday,D_03_031
holy,G_01_72
home,B_03_063
homework,A_03_003
honest,B_01_028
honey,F_02_64
honey_2,J_03_052
hongkong,G_02_4
honk,H_01_74
honor,C_03_079
hood,H_03_104
HOODIE,K_02_122
HOODIE,K_02_044
hop,E_03_25
hope,D_02_085
horrible,D_03_049
horse,A_01_029
hose,E_02_54
hospital,B_02_026
hospital_2(head),J_02_022
hot,F_02_93
hot_competition,E_01_26
hotdog,B_03_067
hotel,B_01_053
hour,C_02_072
house,D_03_086
how,D_02_082
how_2,F_02_86
howl,J_02_019
hug,G_02_36
humble,A_01_009
HUMMINGBIRD,K_01_125
humor,H_03_63
hundred,H_03_27
hungry,C_01_010
hunt,B_01_025
hurdle_1,F_02_12
hurdle_2,G_01_36
hurricane,F_02_61
hurry,G_01_75
hurt,E_01_2
husband,D_01_082
hypocrite,F_03_24
I_love_you,F_01_102
ice,G_03_20
icecream,A_02_013
idea,D_01_085
identity,H_03_71
if,G_03_17
ignore,D_03_069
imagine,B_03_018
IMAGINE_2,K_03_020
immature,G_01_82
immerse,E_02_32
impact,D_02_051
important,B_01_081
impossible,B_01_032
impress,F_02_32
improve,H_02_3
in,E_03_62
inch,H_01_56
incredible,J_03_080
independent,J_03_040
indian,C_03_009
inept,J_02_032
infection,H_02_57
influence,H_02_31
inhale,J_03_048
inject,D_03_009
innocent,G_02_62
inside,H_01_47
inspire,G_02_51
inspiring,F_01_95
instagram,H_03_83
instead,H_01_79
institute,J_02_047
insult,A_03_006
insurance,D_02_030
intelligent,H_02_80
intentional,G_02_40
interest,B_03_038
interested_2,F_02_14
internet,C_02_032
interpret,J_02_009
interpreter,D_02_066
intervene,J_01_109
interview,H_02_54
introduce,D_01_076
intuitive,F_01_6
invest,F_03_45
invisible,G_03_78
invite,C_02_007
IPHONE,K_01_021
iron,D_01_063
IRON_2,K_02_106
IRON_3,K_03_040
island,A_01_025
isolated,F_02_33
israel,B_02_018
italy,D_02_074
itch,J_01_068
jacket,C_02_008
JACKET_2,K_01_116
JACKET_3,K_02_079
JACKET_4,K_03_053
japan,D_01_046
jar,G_01_76
jaw_drop,J_02_014
jealous,C_03_051
jelly,C_02_040
jellyfish,G_03_49
jewelry,H_03_40
jewish,C_03_032
jigsaw_puzzle,C_02_084
join,G_03_39
joke,G_03_86
journey,E_03_37
judge,B_01_058
juggle,D_01_037
juggler,E_03_51
juice_1,G_03_22
juice_2,G_03_35
jump,C_02_089
jump_rope,G_01_19
junior,J_03_082
kangaroo,D_03_079
KANGAROO_2,K_01_037
KANGAROO_3,K_02_012
keep,H_03_5
key,B_02_033
keyboard,B_03_070
kick,G_03_87
KICK_2,K_03_084
kid,C_03_057
kill,D_01_013
kindergarten,H_03_62
king,C_01_056
kiss,D_02_014
kiss_2,E_03_88
KISS_3,K_01_005
kiss_fist,J_03_038
kiss_on_cheek,F_03_18
kitchen,A_02_016
kite,A_02_030
KITE_2,K_02_117
kitten,J_01_092
kneel,C_03_021
knife,B_02_011
KNIFE_2,K_03_043
knight,H_01_54
KNIGHT_2,K_01_053
KNIGHT_3,K_02_034
KNIGHT_4_subj1545D,K_03_026
KNIGHT_5_subj0646D,K_01_087
knitting,D_03_071
KNITTING_2,K_02_025
KNITTING_3,K_03_013
knock,F_01_42
knock_off,H_03_35
know,C_01_048
know_nothing,H_02_64
label,J_02_105
lamp,D_03_037
LAMP_2,K_01_004
land,G_02_66
language,A_01_067
laptop,C_03_042
last,B_01_038
last_week,H_01_98
late,C_01_013
later,D_01_077
laugh,C_03_028
law,F_03_78
lawnmower,B_03_064
lawyer,A_03_007
lay_down,J_02_004
lazy,A_02_050
lead,J_01_046
leaf,D_02_083
LEAF_2,K_02_073
league,H_01_92
leak,F_02_38
learn,B_01_042
learn_lesson,E_02_41
leather,G_02_8
leave,B_02_084
leave_alone,H_03_105
lecture,C_03_048
left,J_03_103
lemon,A_01_069
LEMON_2,K_03_017
lend,J_01_088
lesbian,H_01_57
less,E_02_43
lesson,D_03_083
let_go,F_02_34
let_know,D_02_028
let_me_see,E_01_92
letter,C_01_031
lettuce,A_01_083
library,A_02_041
LICENSE,K_02_125
lick_1,E_02_21
lick_2,F_02_90
LICK_ENVELOPE,K_01_035
LICK_ENVELOPE_2,K_02_028
lie,B_03_012
lift,G_02_82
LIFT_2,K_03_029
LIGHT_2,K_01_102
LIGHT_CANDLE,K_02_116
light_weight,C_01_012
lighter,D_02_025
lightning,D_02_069
lights_on,E_03_66
like,F_03_63
limited,G_01_3
line,C_02_069
linguistics,H_01_4
lion,A_03_012
lipreading,E_03_47
lips,G_02_43
lipstick,B_02_046
list,D_01_041
LISTEN,K_01_117
live_1,B_03_046
live_2,B_03_061
living_room,F_02_16
load,H_01_55
LOAD_2,K_02_003
lobster,D_01_072
LOBSTER_2,K_03_039
LOBSTER_3,K_01_051
lock,D_01_078
lock_2,H_02_17
LOCK_3,K_02_067
LOCKER,K_01_126
lollipop,E_02_95
lonely,B_03_078
long,G_01_59
long_ago,J_01_026
long_line,D_01_038
long_time,J_03_013
long_word,H_02_47
look_appearance,B_02_068
look_at,B_01_041
look_away,F_02_98
look_back,J_01_094
look_for,B_03_045
look_forward,F_02_22
look_like,G_03_29
lose,D_03_064
lose_game,C_02_009
lost,J_01_017
loud,D_02_007
lousy,F_01_74
love,G_01_68
loyal,D_03_017
luck,H_03_9
lucky,D_02_008
lunch_1,F_01_76
lunch_2,G_02_81
lungs,G_01_26
machine,A_03_078
mad,F_01_84
magazine,A_02_076
magic,D_03_018
magnet,C_03_003
MAGNET_2,K_03_066
MAGNET_3,K_01_026
MAGNET_4,K_02_009
magnify,G_01_73
MAGNIFY_2,K_03_089
maid,G_01_44
mail,D_02_019
MAIL_2,K_01_112
mailman,F_02_82
mainstream,J_03_037
major,J_01_057
make,C_01_032
make_believe,J_02_097
makeup,G_03_71
man,C_01_040
manage,J_01_023
many,D_03_065
maple,H_03_64
march,J_01_013
marionette,F_03_73
marry,F_02_7
mascara,D_01_071
massage,H_01_100
match,D_01_050
math,A_03_027
maybe,B_03_022
mcdonalds_2,C_01_035
me,B_01_068
mea_culpa,K_03_048
mean_1,B_02_069
mean_2,C_01_046
mean_3(cruel),J_02_83
measure,C_02_037
MEASURE_2,K_02_054
meat,D_02_022
meat_2,F_03_21
mechanic_1,A_03_030
mechanic_2,D_01_066
medicine,C_03_040
meditate,J_01_037
MEDITATE_2,K_03_061
MEDITATE_3,K_01_033
meet,D_02_018
meeting,C_03_082
megaphone,G_03_102
melon,G_03_25
melt,F_01_50
member,F_02_46
memorize,G_03_81
memorize_memorize,E_03_10
mention(altvar),J_03_012
mess,J_03_008
metal,D_02_037
metaphor,D_02_059
mexican,H_03_91
mexican_1,J_02_045
microphone,F_02_96
microscope,A_03_076
microscope_2,F_02_53
MICROSCOPE_3,K_02_008
microwave,A_02_043
middle,H_01_39
milk,A_01_051
MILK_2,K_03_070
mime,D_03_019
mind,B_01_046
mind_turned,J_01_034
MINE,K_01_030
MINIMUM,J_03_077
minute,B_01_074
mirror,A_03_034
mischievous,E_02_35
miss,G_02_49
missing,E_02_17
misunderstand,C_03_027
mix,H_02_10
MIX_2,K_02_098
MIX_3,K_03_118
mock,C_01_015
model_1(fashion),H_02_89
model_2,J_02_005
model_3,H_03_42
monday,C_03_070
money,C_01_042
MONEY_2,K_01_104
monkey,A_01_016
monster,F_03_14
month,A_01_073
moon,A_01_036
moose,G_02_100
mop,A_02_090
MOP_2,K_02_064
more,B_03_032
morning,C_02_012
mosquito_1,H_03_53
most,E_01_85
mother,B_02_008
motivation_1,E_02_47
motivation_2,G_03_37
motorcycle,D_01_011
mountain,A_01_055
MOUNTAIN_2,K_03_108
mouse,A_03_009
mouth,C_02_087
move,D_03_090
move_down,G_01_53
movie,D_01_026
movies,B_03_077
much,B_01_061
mummy,G_03_77
murder,F_02_77
muscle,G_01_95
museum,C_01_024
mushroom,E_02_89
music,A_01_080
must,F_02_4
mustache,B_01_021
my,C_01_060
myself,D_03_024
nail,G_03_10
nail_clipper,E_01_77
naked,H_01_87
name,D_01_021
napkin,A_03_019
navel,E_03_7
navy,H_03_49
near,G_01_14
neck_1,F_02_81
necklace,A_02_072
NECKLACE_2,K_01_071
NECKLACE_3,K_02_080
NECKLACE_4,K_03_090
need,C_02_034
needle,H_02_77
negative,J_01_008
nephew,A_01_005
nerve,G_02_45
net,G_02_21
network,J_02_075
neutral,A_03_021
never,C_02_079
new,B_02_070
new_york,B_01_034
news_to_me,H_01_78
newspaper,D_02_053
next,E_03_80
next_down,J_03_101
next_to,F_03_8
next_year,J_03_083
nice,G_03_59
niece,E_01_80
night,A_01_003
nine,E_03_8
No,C_03_041
no_big_deal,H_03_44
noise,E_02_031
none,J_02_046
noon_1,G_03_2
noon_2,G_02_14
noose,G_02_76
normal,F_02_36
north,C_01_080
nose,G_03_75
NOSE_BLEED,K_01_092
not,E_01_100
not_a_thing,J_02_088
not_care,D_03_044
not_interested,E_01_82
not_mind,G_01_60
not_understand,G_01_49
not_used_to,F_03_100
not_yet,D_01_044
nothing,B_01_079
nothing_2,E_02_65
nothing_at_all,J_03_032
now,C_03_062
numbers,C_02_051
nurse,C_03_065
nut,D_02_073
NUT_2,K_02_066
obsess,J_03_002
obvious,E_03_56
ocean,G_03_76
octopus,F_03_7
off,E_01_27
off_the_point,D_01_025
offend,D_03_039
offhand,E_01_72
office,A_01_063
often,J_02_106
oh_I_see,E_01_38
oil,H_02_78
OIL_2,K_03_068
OIL_3,K_01_077
ok,F_03_80
old,D_01_007
oldest,H_03_24
on,E_03_4
once,J_02_059
one,F_03_12
one_more_1,H_03_41
one_more_2,J_01_066
one_year_ago,H_02_43
onion,A_03_038
ooh,H_01_13
oops,D_03_056
open,G_03_88
open_book,E_02_22
open_wallet,E_03_2
operate_machine,G_02_26
opinion_1(shake),J_01_108
opinion_2,H_03_101
opportunity,J_02_090
option,F_01_92
or_1,F_03_81
oral,C_03_024
orange,A_02_020
orange_eyes,E_03_87
orange_throat,F_02_39
order_1,C_02_064
order_2,C_03_036
organization,J_03_033
ostrich,F_03_98
other,B_02_043
our,G_02_67
out,E_02_66
outside,E_03_71
over_1,F_03_79
overlook,G_01_66
overnight,J_01_076
overtake,J_02_007
overwhelmed,G_03_64
owe,C_01_089
owl,D_01_087
own,D_03_046
pacifier,J_03_069
pack,H_02_60
page,G_01_70
pageant,H_02_100
pain,C_03_033
paint,D_01_048
paintbrush,A_02_079
pair,H_03_31
pancake,G_03_68
pants,A_01_058
PANTS_2,K_02_104
paper,A_01_026
papercutter,A_03_082
parachute,A_01_021
PARACHUTE_2,K_03_005
PARACHUTE_3,K_01_059
parade,B_02_039
paragraph,E_02_90
parallel,H_03_67
paranoid,J_02_021
parents,B_03_044
park,E_03_28
party_1,F_02_1
party_2,G_02_59
pass,H_03_33
pass_out,G_02_2
passport,E_01_103
past,C_01_049
patient_1,B_01_060
patient_2,B_01_085
patient_3,D_02_056
pay,F_01_82
pay_off_bills,F_03_36
peace,B_01_089
peach,A_01_070
PEACH_2,K_02_087
peacock,G_02_88
peanut_butter,E_02_77
pear,F_02_6
peas_1,F_01_17
peas_2,F_02_52
PECK,K_03_010
peekaboo,E_02_26
peel,H_03_52
PEEL_2,K_01_052
PEEL_3,K_02_103
peg,D_02_006
PEG_2,K_03_083
PEG_3,K_01_103
pen,E_02_97
pencil,A_02_053
penguin,F_01_88
penis,F_03_95
penny,D_01_049
people,C_01_009
pepper,A_02_085
pepsi,C_01_021
perceive,J_02_063
percent,C_02_082
perfect,D_01_008
perfume,A_02_073
perfume_2,F_01_46
period(that'sit),J_02_107
permission,G_03_93
persistent,E_01_78
person,B_01_066
perspective,H_01_6
persuade,G_01_91
pet,F_01_63
PET_2,K_02_085
pharmacist,E_01_51
philadelphia,H_02_23
philosophy_2,H_03_95
photography,J_01_038
physics,E_03_14
piano,A_03_029
PICK_2,K_03_071
pickle_1,H_03_98
picnic_1,E_03_40
picture,A_02_042
pie,A_01_074
pig,A_02_032
pile,B_02_077
pill,B_01_050
pillow,A_02_019
PILLOW_2,K_01_097
PILLOW_3,K_02_049
pin_on,G_02_96
pinch,H_01_95
PINCH_2,K_03_112
pineapple,C_02_088
PINEAPPLE_2,K_01_056
PINEAPPLE_3,K_02_011
PINEAPPLE_4,K_03_076
PINEAPPLE_5,K_01_084
pink,C_01_074
pipe,B_03_027
PIPE_2,K_02_018
PIPE_3,K_03_113
PIPE_4,K_01_011
pirate,A_03_058
pissed_off,H_03_56
pitcher,G_01_28
pity,C_03_022
pizza_1,G_01_13
pizza_2,E_02_85
pizza_cutter,E_02_84
pjs,E_03_102
place,G_01_29
place_2(y),H_01_41
plain,E_03_79
plan,E_03_34
planet,F_01_19
plant,E_01_29
plate,F_02_60
platform,E_03_70
play,C_01_066
players,G_03_62
playground,A_02_029
please,B_02_007
plenty,E_01_14
pliers,D_01_032
plow,H_02_58
PLOW_2,K_02_089
plug_1,E_01_22
PLUG_2,K_01_063
plummet,G_03_28
plunger,A_01_087
plus,J_03_045
point,D_01_075
point_index,K_02_083
pole,H_02_14
policeman,A_01_052
POLICEMAN_2,K_03_104
policy,J_03_063
polish,J_01_086
ponder,H_01_43
pool,D_02_010
poop,H_03_72
poor,C_02_011
pop,D_03_023
POP_2,K_01_049
POP_3,K_02_115
POP_4,K_03_031
popcorn,A_02_080
pope,G_02_77
popular,J_01_016
porcupine,G_01_33
positive,J_02_050
possible,B_02_005
possum,H_03_79
postpone,H_01_12
potato,A_03_050
pour,F_02_63
POUR_2,K_01_094
powder,H_01_26
power,C_03_069
practice,F_03_2
prayer,C_03_090
preacher,D_01_019
precious,H_02_71
predict,F_01_58
prefer,B_01_078
pregnant,H_01_31
president,D_02_016
"press(click,poke,push)",H_03_6
press_in_mind,E_02_82
pretend,D_03_062
pretty,C_01_022
price,C_02_004
pride,A_01_081
priest,D_03_026
prince,E_01_3
principal,H_01_30
print,B_01_045
priority,J_01_074
prison,A_01_090
problem_1,C_03_010
problem_2,B_03_047
process,E_03_55
produce_sign,J_03_051
profoundly_deaf,H_02_16
program,G_02_84
project,J_01_054
promise,A_01_071
promote,D_01_061
proof,E_02_19
propeller_1,F_01_38
propeller_2,E_01_23
"propose(proposal,offer,submit,suggest)",H_02_26
protection,C_03_037
protest,H_03_26
provide,H_01_45
proximalization,J_01_106
psychologist,A_03_010
psychology,F_02_74
public,H_02_29
pull,D_02_062
pull_convince,G_03_69
pumpkin,H_02_56
punch_face,J_01_051
punish,C_02_041
purple,B_02_067
push,D_02_077
put,F_03_46
put_aside,G_02_7
put_in_back_mind,E_01_76
puzzled,B_01_012
Q_tip,F_03_74
qm,J_02_011
quality,J_02_095
quarter,H_02_49
queen,A_03_055
quiet,C_01_037
quit,F_01_79
rabbit,C_02_024
RABBIT_2,K_03_119
raccoon_1,H_02_82
race,F_02_75
RACECAR_TRACK,K_02_121
radio,A_01_075
rafting,E_03_89
rain,A_03_061
rainbow,F_03_1
raisin,E_03_19
rake,D_03_021
range,H_01_101
rat,D_02_081
razor,A_01_089
RAZOR_2,K_03_103
REACH,K_01_107
react,H_03_65
read,A_01_022
ready,F_03_42
real_sick,G_01_71
really,B_02_021
really_into,H_02_79
reason,C_01_076
recent_1,H_03_90
recent_2(tap),J_02_056
recite,J_02_078
record,G_01_24
recording,B_03_089
red,C_02_090
red_faced,F_03_30
reduce,E_01_42
reflect,E_03_36
refrigerator,G_01_1
refuse,H_01_62
register,F_01_21
regular,J_01_067
relationship,B_01_023
relax,D_03_081
RELAX_2,K_02_032
release(sameasFREEDOM),E_03_59
relief,H_01_63
religion,B_03_029
remember,C_02_014
remember_2,H_03_38
remind,J_02_103
remote_control,B_03_004
remove,J_02_092
replace,J_03_007
request,E_01_24
requirement,C_01_078
rescue,H_02_67
research,B_03_084
resent,J_03_039
resign(sameas'getoff'),J_01_084
resist,G_03_30
respect,J_01_029
responsibility,B_01_018
rest,B_01_031
rest_all_day,J_03_043
restaurant,D_02_045
restless,E_03_3
result,J_01_039
retire,J_03_084
retrieve,H_02_28
revenge,D_03_088
rhino,D_03_016
RHINO_2,K_03_116
RHINO_3,K_01_088
RIBBON_AWARD,K_01_122
rich,F_03_103
ride,F_03_23
ride_2(vb),J_03_026
right_1,C_01_065
right_2,C_01_070
right_3(legal),J_03_095
ring,A_03_053
risk(take_risk),F_02_26
river,A_03_035
river_2,F_02_66
road,F_02_83
roar,J_03_062
ROAR_2,K_02_094
roast,J_02_038
rob,G_02_93
robot,F_01_34
rock,A_01_030
rocket_1,E_01_16
rocket_2,E_02_88
rocking_chair_1,E_03_24
rocking_chair_2,G_01_10
role,H_03_36
roll,E_03_11
roll_up_sleeves,H_03_34
rollerblading,D_02_033
rollerskating,A_02_074
roof,F_01_39
room,A_01_024
roommate,H_03_73
rooster,A_03_051
rope,D_03_012
rose,G_03_24
rough,F_01_28
row,G_03_47
rude,B_01_026
ruin,G_02_60
rule,F_02_91
ruler,G_02_86
run,B_03_015
run_2(fists),J_01_100
RUN_FAUCET,K_03_096
run_out_of,G_01_77
rush,E_03_54
RUSSIA,D_02_091
sad,B_02_053
safe,G_01_85
sail,D_01_074
SAIL_2,K_01_048
sailboat,F_02_94
salad,A_02_061
salt,B_01_069
salt_shaker,E_02_100
same_1,B_02_009
same_2,B_02_013
same_same,J_02_081
same_time,H_02_21
sandals,A_02_004
sandwich,A_01_015
SANDWICH_2,K_02_086
SANDWICH_3,K_03_072
SANDWICH_4,K_01_015
santa,F_03_19
sarcastic,E_01_5
saturday,D_01_028
sauce,F_01_54
sausage,F_03_88
save,G_03_61
save_money,G_02_74
saw,D_03_060
SAW_2,K_02_007
saxophone,G_03_15
scan,C_03_039
scar_memory,F_03_89
scarcely,B_02_014
scared,B_03_079
scarf,A_03_013
SCARF_2,K_03_085
SCARF_3,K_01_086
SCARF_4,K_02_120
schedule,A_03_001
school,C_03_089
science,A_02_011
scientist,A_01_020
scissors,A_01_038
scold,H_01_8
scoop,J_03_044
score,H_01_60
scout,H_02_99
scratch,H_02_84
scream,E_03_27
screwdriver,D_02_023
SCREWDRIVER_2,K_03_041
SCREWDRIVER_3,K_01_014
script,H_03_81
scroll_down,C_03_084
scrub,E_02_86
sculpt,J_01_028
sculpture,E_03_45
seal,G_01_57
secret,C_03_076
secretary,A_03_059
see,C_02_030
see_see,J_03_004
seem,F_01_43
select,D_03_087
self,H_01_15
sell,J_03_024
senate,G_03_99
send,E_02_9
senior_citizen,H_03_97
sensitive,J_02_091
sentence,H_01_25
sequence,E_02_8
serious,B_01_071
serve,E_02_4
SERVE_2,K_02_061
set_up,B_03_021
seven,F_03_87
several,J_01_099
sew,B_02_073
shake_1,G_01_62
shake_2,F_03_48
shakespeare,J_03_105
shame,D_03_008
shame_on_you,H_01_66
shampoo,D_01_035
shape,F_01_5
share,E_02_101
shark_1,E_03_23
shark_2,E_02_71
sharp,G_01_55
sharp_2,H_01_105
SHARPEN,H_03_60
SHARPEN_2,K_03_097
SHARPEN_3,K_01_109
shave,B_03_017
shave_2(s-hand),J_02_018
shave_3,H_03_18
SHAVE_4,K_02_043
SHAVE_5,K_03_114
sheep,A_02_010
shelf,E_02_60
shield,E_01_50
shiny,D_01_091
shirt,A_01_028
SHIRT_2,K_01_108
shocked,D_01_023
shoes,A_02_057
shoot,J_01_024
SHOOT_2,K_02_114
shooting,F_01_49
shop_1,C_03_075
shop_2,D_03_058
short_2,H_02_92
short_distance,H_01_49
short_word,J_02_087
shorts,A_01_037
shot,E_01_13
should,G_02_79
shoulder,A_02_055
SHOULDER_2,K_03_006
SHOULDER_3,K_01_078
shout,J_03_005
SHOUT_2,K_02_084
shovel,A_01_088
SHOVEL_2,K_03_008
show,C_01_050
shower,A_02_001
shrimp,A_01_065
shut_out,G_03_26
shy,B_01_040
sick,B_01_072
side,J_03_055
sideburns,F_01_87
sign,E_03_50
sign_language,D_02_031
sign_paper,H_03_94
signature,F_01_69
signing_fluently,F_03_69
silly,B_01_090
silver,D_03_091
since,D_03_014
sing,D_03_075
single,H_01_18
single_out,J_01_061
sink,E_02_42
siren,G_03_65
sister,D_03_050
sit,D_03_034
situation,H_03_66
six,G_03_34
skate,C_01_090
skateboarding,C_02_052
SKATEBOARDING_2,K_01_079
SKATEBOARDING_3,K_02_110
ski,D_02_027
SKI-CA,K_03_033
skill,G_02_38
skin,F_01_91
skirt,A_01_046
skunk,G_01_32
slave,E_03_94
sled_1,F_01_10
sled_2,G_02_27
sleep,B_03_037
slice,J_01_035
SLICE_2,K_01_028
SLICE_3,K_02_057
SLICE_4,K_03_067
slide,F_01_100
SLIDE_2,K_01_058
slingshot,F_02_69
slip,J_02_030
SLIP_2,K_02_033
slipper,E_01_62
slow,B_02_041
small,D_01_030
smart,D_02_075
smell,E_02_49
smell_money,F_03_26
smile,D_01_031
SMILE_2,K_03_023
smoke(fire),H_01_46
smoking,C_03_087
smooth,H_02_101
snail,G_01_67
snake,A_01_043
snap,F_02_17
SNAP_STICK,K_01_080
sneak_adventure,F_01_57
sneeze,C_03_066
SNEEZE_2,K_02_023
snob,B_03_042
snorkel,E_01_102
snow,A_01_057
SNOW_2,K_03_081
SNOWBOARD,K_01_025
snowman,G_03_73
snowsuit,E_03_5
so,G_01_69
soap,A_01_084
soap_2,E_03_78
soccer,A_03_004
soccer_2,F_03_32
social,H_03_30
socialize,H_01_21
society,H_01_2
socks,A_03_033
soda,C_03_030
sofa,G_03_6
soft,E_03_13
softball,G_01_30
some,B_01_020
somersault,J_02_012
SOMERSAULT_2,K_02_118
SOMERSAULT_3,K_03_064
something,G_01_9
sometimes,E_02_38
son,B_02_086
soon,G_01_4
soon_2(h),J_02_098
soon_3,H_03_23
sophisticated,G_02_83
sophomore,J_01_107
sorry,C_01_020
sound,H_02_96
soup,A_01_039
sour,F_03_60
south,C_02_029
sow,H_01_75
space,H_03_93
spaceship,J_03_074
spaghetti,A_01_042
spain,G_01_94
speakers,B_01_076
special_1,H_01_68
special_2(f),J_02_020
specialist,H_01_38
specific,E_02_91
spend,E_01_17
spend_lots_of_money,E_02_83
spicy,J_03_036
spider,D_03_067
spill,G_01_37
SPILL_2,K_01_064
spin(weave),J_02_085
spit_out,F_02_30
SPLASH-CA,K_02_037
spontaneous,E_02_24
spoon,A_02_037
sports,C_03_035
spot_something,G_01_2
spread,G_03_12
SPREAD_2,K_03_080
SPREAD_3,K_01_083
spring,E_03_74
square,J_01_060
square_idiot,J_01_062
squeeze,H_03_19
squirrel,C_03_020
sshh,E_02_16
stack,J_01_096
STACK_2,K_02_102
STACK_3,K_03_069
STACK_4,K_01_019
stadium,G_01_86
staff,C_01_071
stairs,A_03_048
stamp,C_03_063
stamp_1,G_02_98
stamp_2,F_03_93
stand,E_02_11
STAND_2,K_02_081
stand_up,J_03_070
stapler,G_02_5
star,A_03_087
starbucks,B_03_010
stare,G_01_34
stars,A_01_047
start,B_01_011
state,F_01_86
stay,F_02_50
stay_awake_24hrs,J_02_060
steak,D_02_041
steal,C_02_019
steam,J_01_011
step,E_01_70
stethoscope,D_03_028
STETHOSCOPE_2,K_03_086
STETHOSCOPE_3,K_01_075
STETHOSCOPE_4,K_02_031
sticky,F_02_89
still,G_02_85
stimulate,H_02_35
sting,H_03_22
stink,H_01_64
stir,D_03_055
stockings,E_01_61
stomach,C_03_054
stop,D_01_010
stopwatch,F_01_67
story,E_01_15
story_2(b),J_01_007
story_3,H_03_7
straight,E_01_81
STRAIN_1,K_03_045
STRAIN_2,K_01_076
strange,C_03_018
strangle,J_01_093
straw,G_01_92
strawberry,A_01_068
STRAWBERRY_2,K_02_017
STRAWBERRY_3,K_03_100
STRAWBERRY_4,K_01_009
street,A_01_062
stress,B_02_075
STRETCH,K_03_126
STRETCH,K_02_108
STRETCH-CA,K_03_078
strict,C_01_047
string,F_03_54
stripe,H_01_85
strong,G_03_27
structure,H_01_35
struggle,H_03_102
stubborn,B_03_086
stuck,E_01_19
student,A_02_012
study,G_01_90
stumble,J_02_079
stupid_1,C_01_058
stupid_2,C_02_047
submit,H_02_55
subtract,B_02_027
suck,F_01_12
SUCK_THUMB,K_01_006
suit,G_01_103
summarize,D_03_041
summer,B_02_037
SUMMON,K_02_075
sun,C_02_003
sunbathe,H_02_13
SUNBATHE_2,K_03_034
sunday_2(8),J_02_001
sunrise,H_03_89
sunset,B_02_087
superior,J_02_065
supervise,J_01_018
supervisor,J_02_010
support_1,G_01_52
support_2,F_03_66
sure,C_03_044
surf,A_01_048
surgeon,A_02_007
surgery,H_03_46
surprise,B_01_013
sushi,D_03_092
suspect,C_03_012
suspend,H_01_16
suspenders_1,E_03_77
suspenders_2,E_01_28
swallow,B_02_019
swear_in,J_02_016
sweat,H_02_51
sweater,D_02_092
SWEATER_2,K_01_008
SWEATER_3,K_02_090
sweatpants,F_02_42
sweatshirt,E_01_18
sweep,D_01_086
sweet,J_03_029
sweetheart,H_02_5
swim,E_03_53
SWIM_2,K_03_106
swing,A_02_018
swing_2,F_02_85
switzerland,F_01_9
sword,E_03_101
sympathy,D_01_090
system,H_01_61
table,A_03_025
TABLET,K_02_126
tail,D_01_083
TAIL_2,K_01_089
take,G_01_93
take_care,F_03_71
take_notes,F_03_94
take_off,H_03_50
take_off,F_01_20
take_pill,F_01_45
talk,C_01_008
talk_2,H_01_23
talk_dirty,H_02_46
tall_1,B_03_024
tall_2,B_01_030
tan,F_02_72
tanktop_1,E_01_9
tape,G_01_17
taste,J_01_081
tea,A_02_052
teach,D_02_052
TEACH_2,K_02_055
teacher,A_02_033
team,E_01_71
tear,C_02_016
tear_rip,G_03_9
TEAR_RIP_2,K_03_050
tease,D_02_090
technology,E_03_17
teenager,H_02_39
teeth,D_01_040
telephone,A_02_040
tell,C_02_013
temper_blow_up,F_02_97
temporary,G_03_67
temptation,C_01_082
tend_your,G_03_32
tendency,G_03_89
tennis,A_01_053
tent,E_02_12
test,D_01_060
text,B_03_054
than,F_02_2
thank_you,H_02_53
thanksgiving,D_01_047
that,C_03_059
theater,D_01_052
then,F_01_31
theory_1(t),J_03_042
theory_2,J_02_031
therapy,H_03_88
there,D_02_060
thermometer,D_02_012
these,G_03_95
they,E_01_44
thief_1,B_03_019
thief_2,B_01_087
thin,C_02_002
things,B_03_043
think,C_03_053
THINK_CHIN,K_03_120
think_connect,F_02_87
think_expand,G_02_15
think_obsess,G_03_79
think_over,D_02_054
think_penetrate,G_01_39
think_penetrate,J_01_090
THINK_PONDER.m4v,K_01_120
think_smart,G_01_45
third_1,F_02_88
third_2,J_02_072
thirsty,C_03_071
this/it,F_01_35
those,F_02_103
thought_disappear,G_01_51
three,B_01_044
thrilled,G_02_70
throw,C_03_081
THROW_2,K_01_068
throw_away,E_02_70
thunder,F_03_15
thursday,B_02_045
ticket,E_02_29
tickle,H_01_73
tie,A_01_013
TIE_2,K_02_029
TIE_UP_1,K_03_035
TIE_UP_2,K_01_043
tiger,A_01_050
time,B_02_080
time_progress,H_02_61
time_to_time,J_01_020
TIMEOUT,K_02_063
tiny,K_03_019
tiny,J_03_006
tired,D_02_050
tired_of,G_01_43
tissue,G_02_32
to,E_03_86
to_a_goal,F_01_26
toast,D_02_080
tobacco,A_02_049
today,E_02_6
together,G_01_97
toilet,A_02_038
tomato,D_02_087
tomorrow,F_02_40
tongue,G_03_57
too_much,E_02_15
toothbrush,D_03_073
TOOTHBRUSH-CA,K_03_058
top,H_01_65
topic,H_01_103
tornado,A_02_047
toss,J_03_009
toss_out,H_02_37
total,H_01_71
touch,G_03_63
tough,H_03_10
tournament,B_03_031
tow,H_01_86
TOW_2,K_01_098
TOW_3,K_02_010
towel,F_01_7
toy,E_01_64
toy_2,J_01_056
TOY_3,H_03_070
tractor,H_01_42
tradition,J_03_023
traffic,B_01_043
train,B_03_003
train_2(practice),J_01_032
transfer,J_03_028
transgender,J_01_082
translate,D_01_080
trash,A_01_035
travel,B_02_089
tree,A_01_002
triangle,J_02_080
TRIM_1,K_03_111
TRIM_2,K_01_062
TRIP_1,K_02_020
TRIP_2,K_03_102
triple,J_02_077
trophy,D_02_086
trouble,B_03_048
truck,G_03_7
truck_2(c),J_02_070
TRUE,D_03_038
true_business,E_03_68
truth,E_03_15
TRY,B_02_034
tty,G_01_35
tube,G_03_42
tube_top,E_01_67
tuesday,J_03_087
turban,F_03_90
TURKEY,A_02_078
TURKEY_2,K_01_036
"turn(take_turn,alternate)",J_01_065
turn_around,J_02_086
turn_key,E_01_56
TURTLE,A_02_009
TV,C_02_038
twin,F_01_32
twins_2(t),J_02_089
twirl,J_01_102
TWO,C_02_005
two_more,G_01_21
two_of_us,H_02_90
two_weeks,J_03_066
TYPE,B_01_056
type_keyboard,F_03_59
udder,F_02_84
UGLY,C_01_019
UMBRELLA,A_02_022
unaware,H_03_82
uncertain(ambivalent),H_02_20
UNCLE,D_02_011
under,E_02_87
undergraduate,J_03_079
UNDERSTAND,C_01_006
UNDERWEAR,A_03_023
UNDERWEAR_2,K_02_112
unicorn,F_02_31
union_station,J_02_003
unique,F_01_15
UNIVERSE,K_01_127
UNIVERSITY,C_02_063
until,H_02_18
up,E_01_69
UPLOAD,C_01_028
upset,F_01_75
upset_2,H_03_47
us,H_03_55
USE,D_03_043
VACATION,B_03_016
VACUUM,D_03_084
vagina,F_02_65
vain,G_02_17
validate,H_03_51
valley,G_02_90
value,H_03_85
VAMPIRE,K_03_123
vanilla(adddisambig.mouthing),F_01_22
vanish,H_02_98
vase,E_02_28
VEGETABLE,C_01_018
VERB,A_03_005
very,G_02_101
very_interested,G_02_39
vest,J_03_050
vibrate,J_02_035
VIDEOCAMERA,B_03_006
videocamera_2,K_03_011
videocamera_2(eye),J_01_104
videogame,H_01_91
VIDEOPHONE,B_01_039
view,E_02_61
VILLAGE,K_01_121
VIOLIN,A_03_083
vision,J_01_025
visit,H_03_80
visitor,J_01_097
visualize,H_01_27
vitamins(withdisambig.mouthing),E_01_43
vlog,J_03_027
vocabulary,H_01_82
VOICE,C_03_061
VOLLEYBALL,A_02_006
volunteer,H_02_62
VOMIT,D_02_072
VOTE,B_02_040
W.H.A.T,G_02_89
wade,H_01_36
WADE_2,K_03_024
WAIT,B_02_016
WAITER,A_01_061
WALK,D_02_057
WALK-TIGHTROPE-CL,K_01_024
walk_2,J_03_067
walk_backwards,G_01_102
wall,E_01_89
wallet,F_01_81
wallet_2,J_03_047
walrus,E_02_78
wand,E_03_16
WANDER,A_01_019
WANT,C_03_013
want_2,E_01_25
WAR,B_03_075
WARM,B_02_047
WARN,B_01_033
wash,E_01_33
WASH_3,K_02_024
wash_dishes,F_01_70
wash_face,G_01_11
wash_face_2(b),J_01_078
wash_hands,F_01_56
WASH_MACHINE,C_02_057
WASTE,C_01_030
watch,G_02_78
WATER,A_02_031
water_ski,F_03_22
waterdrop,H_01_19
WAVE,A_03_079
WAY,C_02_073
we,G_03_19
we_will_see,F_03_27
WEAK,C_02_065
WEAR,B_02_032
WEATHER,C_03_072
weave,H_02_81
WEDDING,D_03_015
WEDNESDAY,B_03_056
WEEK,B_02_079
weekend_2,H_01_9
WEIGH,D_03_077
weight,E_02_37
weird,H_02_11
welcome,J_02_054
WELL,D_01_009
WEST,D_03_053
WET,B_02_065
whale,G_03_13
WHAT_1,D_02_084
WHAT_2,D_02_094
WHAT_FOR,C_02_054
WHATEVER,B_02_025
wheel,H_03_69
wheelbarrow_1,F_03_70
wheelchair,G_01_46
WHEN,C_03_086
WHERE,B_02_035
WHICH,B_01_088
while,H_02_32
WHIP,A_03_077
whisper,H_03_75
WHISTLE,A_02_046
WHISTLE_3,K_03_055
white,E_03_46
white_person,J_02_043
WHO,C_01_041
whole,J_02_049
WHY,D_01_067
why_not,H_02_34
wide,J_02_052
WIFE,D_03_025
will,F_03_25
will_go,J_01_095
WIN,B_02_029
wind,H_02_68
WINDMILL,A_02_048
WINDMILL_2,K_01_118
WINDMILL_3,K_02_051
WINDOW,A_03_042
window_open,E_02_75
windy,G_02_80
WINE,D_01_015
WINK,D_03_094
winter,E_03_22
wise,G_02_23
WISH,C_01_053
WITCH,A_03_018
WITCH_2,K_03_022
WITH,C_02_074
without,H_03_21
WOLF,A_01_049
WOMAN,C_02_028
WOMAN_2,K_01_101
woman_2(nose)lady,H_02_19
WONDER,B_02_076
wood,C_03_031
word,E_03_75
work,B_03_059
work_out,E_02_92
workshop,J_02_055
world,B_03_023
WORM,B_03_014
WORRY,C_02_015
worse,H_01_11
wow,F_01_2
wrap,E_02_50
wrap_up,F_03_91
WRAP_UP_2,K_02_062
wrestle,J_01_033
wring,H_01_29
WRISTWATCH,B_01_063
WRISTWATCH_2,K_03_044
WRISTWATCH_3,K_01_054
WRITE,D_01_051
write_on_wall,G_02_87
WRONG_1,B_01_055
WRONG_2,C_03_050
yawn,F_02_79
YAWN_2,K_02_048
YAWN_3,K_03_009
YAWN_4,K_01_110
yay,J_01_030
YEAH,D_01_058
YEAR,B_02_015
YELLOW,D_01_020
Yes,G_03_74
YESTERDAY,D_01_024
you,D_02_065
YOUNG,D_03_013
youngster,J_03_041
your,F_01_52
yourself,E_02_81
yoyo,H_03_16
yucky_1,E_01_11
zebra,G_02_3
ZERO,D_03_036
ZIPPER,D_01_034
zoo,E_03_42
ZOOM_IN,B_02_056
ZOOM_OFF,D_01_057